SalesID,SalesDate,CustomerID,ProductID,UnitsSold,SalesAmount,CostAmount,Country,SegmentID
S00139,1/1/2024,CUST015,PROD004,349,9250.44,5.75,Canada,SEG002
S00280,1/1/2024,CUST013,PROD003,676,7426.54,4.22,Canada,SEG001
S00706,1/2/2024,CUST001,PROD005,765,15580.2,7.01,US,SEG001
S00206,1/3/2024,CUST008,PROD004,316,7829.71,5.75,Canada,SEG001
S00363,1/3/2024,CUST006,PROD004,949,21541.97,5.75,Canada,SEG002
S00953,1/3/2024,CUST006,PROD006,1706,52561.74,10.5,Canada,
S01050,1/3/2024,CUST006,PROD004,1097,29208.32,5.75,Canada,SEG001
S00399,1/4/2024,CUST003,PROD002,699,11624.64,5.01,US,SEG001
S00588,1/4/2024,CUST008,PROD002,1047,17695.65,5.01,Canada,SEG001
S00826,1/4/2024,CUST005,PROD006,722,23769.67,10.5,Canada,SEG003
S00174,1/5/2024,CUST006,PROD004,893,21565.09,5.75,Canada,SEG001
S01081,1/5/2024,CUST002,PROD006,1353,43058.02,10.5,US,SEG002
S00478,1/6/2024,CUST015,PROD004,875,21992.13,5.75,Canada,SEG003
S00768,1/6/2024,CUST014,PROD006,1501,44611.56,10.5,US,SEG001
S00408,1/7/2024,CUST012,PROD003,1310,16756.03,4.22,US,SEG001
S01092,1/9/2024,CUST007,PROD002,1778,30697.57,5.01,Canada,SEG001
S00058,1/10/2024,CUST010,PROD003,1540,20259.16,4.22,US,SEG003
S00837,1/11/2024,CUST010,PROD001,609,9809.41,4.1,US,SEG003
S00330,1/12/2024,CUST007,PROD006,445,12174.83,10.5,Canada,SEG002
S00896,1/12/2024,CUST005,PROD005,1029,22547.04,7.01,Canada,SEG001
S00211,1/13/2024,CUST010,PROD002,949,16251.88,5.01,US,SEG003
S00847,1/15/2024,CUST014,PROD005,1565,35664.68,7.01,US,
S00607,1/16/2024,CUST009,PROD005,177,3543.96,7.01,US,
S00945,1/16/2024,CUST003,PROD003,663,8041.15,4.22,US,SEG001
S00996,1/16/2024,CUST015,PROD005,877,20157.44,7.01,Canada,SEG002
S00645,1/17/2024,CUST006,PROD001,136,2034.23,4.1,Canada,SEG002
S01071,1/17/2024,CUST005,PROD005,462,9501.89,7.01,Canada,SEG002
S00434,1/18/2024,CUST013,PROD004,1692,45698.43,5.75,Canada,SEG001
S00732,1/20/2024,CUST009,PROD003,1638,21494.44,4.22,US,SEG001
S00307,1/21/2024,CUST012,PROD006,164,4530.14,10.5,US,SEG001
S00431,1/21/2024,CUST004,PROD001,781,11745.41,4.1,US,SEG003
S00672,1/21/2024,CUST015,PROD001,310,4470.59,4.1,Canada,SEG001
S00301,1/22/2024,CUST003,PROD005,845,17366.94,7.01,US,SEG002
S00752,1/23/2024,CUST002,PROD006,530,15035.06,10.5,US,SEG001
S00781,1/24/2024,CUST005,PROD006,549,16542.65,10.5,Canada,SEG003
S00803,1/24/2024,CUST006,PROD001,57,799.29,4.1,Canada,SEG003
S00086,1/25/2024,CUST010,PROD002,146,2516.94,5.01,US,SEG001
S00134,1/25/2024,CUST001,PROD006,596,19126.47,10.5,US,SEG001
S00571,1/25/2024,CUST012,PROD002,178,3332.87,5.01,US,SEG001
S00721,1/25/2024,CUST005,PROD001,94,1525.37,4.1,Canada,SEG001
S00727,1/25/2024,CUST013,PROD006,387,11892.78,10.5,Canada,SEG002
S01075,1/25/2024,CUST014,PROD004,1787,45701.57,5.75,US,SEG001
S01083,1/25/2024,CUST010,PROD003,66,774.33,4.22,US,SEG002
S00126,1/27/2024,CUST006,PROD003,181,2365.01,4.22,Canada,SEG001
S01084,1/27/2024,CUST008,PROD004,1121,27048.18,5.75,Canada,SEG002
S00010,1/28/2024,CUST002,PROD002,967,17616.56,5.01,US,SEG003
S00320,1/29/2024,CUST011,PROD006,1490,40421.2,10.5,Canada,SEG001
S00520,1/29/2024,CUST007,PROD006,1543,44134.56,10.5,Canada,SEG002
S00606,1/29/2024,CUST003,PROD005,892,17922.4,7.01,US,SEG003
S00151,1/30/2024,CUST012,PROD006,728,20046.89,10.5,US,SEG001
S00561,1/31/2024,CUST010,PROD003,691,7791.52,4.22,US,SEG002
S00294,2/1/2024,CUST004,PROD002,1622,29021.62,5.01,US,SEG003
S00505,2/1/2024,CUST006,PROD004,1151,29088.22,5.75,Canada,
S00515,2/1/2024,CUST008,PROD005,1741,41517.53,7.01,Canada,SEG001
S00602,2/2/2024,CUST007,PROD004,976,25231.35,5.75,Canada,SEG003
S00966,2/2/2024,CUST009,PROD002,1510,27651.7,5.01,US,SEG001
S00054,2/4/2024,CUST014,PROD002,397,6641.54,5.01,US,SEG001
S00285,2/6/2024,CUST006,PROD005,957,20422.74,7.01,Canada,SEG002
S00367,2/6/2024,CUST011,PROD002,1257,22528.72,5.01,Canada,SEG003
S00218,2/7/2024,CUST006,PROD004,1610,38188.98,5.75,Canada,
S00138,2/8/2024,CUST006,PROD002,232,3871.33,5.01,Canada,SEG002
S01011,2/8/2024,CUST001,PROD001,1562,23709.06,4.1,US,SEG001
S00991,2/9/2024,CUST007,PROD005,300,7055.93,7.01,Canada,SEG002
S00340,2/10/2024,CUST013,PROD004,1189,30088.25,5.75,Canada,SEG003
S00639,2/12/2024,CUST007,PROD002,1753,32852.3,5.01,Canada,
S00129,2/13/2024,CUST015,PROD006,309,8721.11,10.5,Canada,
S00290,2/13/2024,CUST004,PROD004,404,10636.43,5.75,US,SEG003
S00418,2/13/2024,CUST008,PROD001,1791,26370,4.1,Canada,SEG003
S00816,2/13/2024,CUST005,PROD002,1349,22054.44,5.01,Canada,
S00498,2/15/2024,CUST001,PROD002,1147,20608.22,5.01,US,SEG001
S01079,2/16/2024,CUST002,PROD001,1883,28836.3,4.1,US,SEG002
S00608,2/17/2024,CUST015,PROD005,740,17472.26,7.01,Canada,SEG002
S01069,2/17/2024,CUST011,PROD003,1074,12322.58,4.22,Canada,
S00112,2/18/2024,CUST002,PROD002,70,1148.5,5.01,US,SEG003
S00262,2/18/2024,CUST012,PROD006,613,17131.39,10.5,US,SEG001
S00625,2/19/2024,CUST004,PROD001,764,11999.86,4.1,US,SEG003
S00633,2/19/2024,CUST011,PROD005,1406,28778.48,7.01,Canada,
S00898,2/19/2024,CUST003,PROD006,879,26610.22,10.5,US,SEG003
S00940,2/19/2024,CUST007,PROD003,1646,18347.43,4.22,Canada,SEG001
S01006,2/19/2024,CUST015,PROD004,1268,34766.15,5.75,Canada,SEG001
S01039,2/20/2024,CUST001,PROD001,136,1859.72,4.1,US,SEG001
S00239,2/21/2024,CUST003,PROD006,995,31215.37,10.5,US,SEG003
S00077,2/22/2024,CUST008,PROD001,770,12501.01,4.1,Canada,SEG003
S00885,2/22/2024,CUST005,PROD006,1872,54209.43,10.5,Canada,SEG001
S00348,2/24/2024,CUST002,PROD006,39,1256.94,10.5,US,SEG002
S00438,2/24/2024,CUST004,PROD003,1217,14034.56,4.22,US,SEG003
S00467,2/25/2024,CUST001,PROD005,1391,29269.2,7.01,US,SEG002
S00209,2/26/2024,CUST015,PROD002,953,16295.26,5.01,Canada,SEG002
S00743,2/26/2024,CUST013,PROD005,1771,38294.99,7.01,Canada,SEG003
S01033,2/26/2024,CUST006,PROD004,713,18008.73,5.75,Canada,SEG003
S00005,2/27/2024,CUST004,PROD004,1756,43453.94,5.75,US,SEG003
S00119,2/27/2024,CUST001,PROD002,694,11485.15,5.01,US,SEG003
S00794,2/27/2024,CUST003,PROD004,916,24166.93,5.75,US,SEG001
S00014,2/28/2024,CUST015,PROD004,311,7973.95,5.75,Canada,SEG001
S00256,2/28/2024,CUST012,PROD006,798,21950.28,10.5,US,SEG003
S00488,2/28/2024,CUST004,PROD005,996,19818.19,7.01,US,SEG001
S00754,2/28/2024,CUST009,PROD005,965,22596.87,7.01,US,SEG003
S00481,2/29/2024,CUST012,PROD005,276,6069.42,7.01,US,SEG002
S00532,2/29/2024,CUST010,PROD002,1712,28813.67,5.01,US,SEG003
S00082,3/2/2024,CUST012,PROD006,1244,33592.57,10.5,US,SEG001
S00201,3/3/2024,CUST014,PROD005,1054,25469.76,7.01,US,SEG003
S00584,3/4/2024,CUST007,PROD001,1149,18680.85,4.1,Canada,SEG001
S00883,3/4/2024,CUST002,PROD003,660,7755.72,4.22,US,SEG003
S00243,3/5/2024,CUST003,PROD005,1367,28730.61,7.01,US,
S00619,3/7/2024,CUST009,PROD001,860,13516.15,4.1,US,SEG002
S00052,3/8/2024,CUST002,PROD003,509,6166.9,4.22,US,SEG001
S00615,3/8/2024,CUST002,PROD002,1127,20355.08,5.01,US,SEG002
S00172,3/9/2024,CUST008,PROD006,1638,50235.17,10.5,Canada,SEG001
S00675,3/9/2024,CUST005,PROD003,504,6312.22,4.22,Canada,SEG001
S00986,3/9/2024,CUST008,PROD006,815,24709.48,10.5,Canada,SEG003
S00464,3/11/2024,CUST008,PROD001,1493,20378.85,4.1,Canada,SEG002
S00649,3/11/2024,CUST009,PROD001,370,5151.42,4.1,US,SEG002
S00190,3/12/2024,CUST005,PROD001,1887,29425.84,4.1,Canada,SEG003
S00943,3/12/2024,CUST011,PROD003,66,796.27,4.22,Canada,SEG003
S00344,3/13/2024,CUST011,PROD002,859,16948.03,5.01,Canada,SEG001
S00657,3/13/2024,CUST004,PROD006,1340,43845.85,10.5,US,SEG001
S00073,3/14/2024,CUST013,PROD005,1959,41496.93,7.01,Canada,SEG001
S00753,3/14/2024,CUST010,PROD004,1048,23773.17,5.75,US,SEG003
S00311,3/15/2024,CUST001,PROD002,274,5018.17,5.01,US,SEG003
S00708,3/15/2024,CUST001,PROD002,795,14999.7,5.01,US,SEG002
S01089,3/15/2024,CUST014,PROD005,1721,41388.89,7.01,US,SEG001
S00759,3/16/2024,CUST002,PROD003,177,2045.87,4.22,US,
S00761,3/16/2024,CUST005,PROD006,1634,46314.26,10.5,Canada,SEG001
S00931,3/17/2024,CUST001,PROD005,1420,29894.5,7.01,US,SEG003
S00439,3/18/2024,CUST001,PROD003,1790,23533.28,4.22,US,SEG003
S00465,3/18/2024,CUST005,PROD004,926,24987.85,5.75,Canada,SEG003
S00988,3/18/2024,CUST005,PROD003,1798,19585.71,4.22,Canada,SEG001
S00723,3/19/2024,CUST004,PROD006,1319,36043.52,10.5,US,SEG001
S00688,3/20/2024,CUST014,PROD003,1330,15240.79,4.22,US,SEG003
S01034,3/20/2024,CUST006,PROD003,252,3159.09,4.22,Canada,SEG001
S00613,3/22/2024,CUST002,PROD002,1312,22059.14,5.01,US,SEG002
S00258,3/23/2024,CUST011,PROD004,784,20050.49,5.75,Canada,
S00780,3/23/2024,CUST007,PROD006,1079,30188.94,10.5,Canada,SEG001
S00362,3/24/2024,CUST015,PROD004,1535,38891.4,5.75,Canada,SEG001
S01032,3/25/2024,CUST003,PROD004,812,18900.96,5.75,US,SEG003
S00480,3/26/2024,CUST012,PROD006,265,7443.78,10.5,US,SEG002
S00032,3/27/2024,CUST008,PROD005,455,10368.82,7.01,Canada,SEG001
S00542,3/27/2024,CUST011,PROD005,1060,25554.79,7.01,Canada,SEG003
S00514,3/28/2024,CUST001,PROD005,881,17866.84,7.01,US,SEG001
S00329,3/29/2024,CUST014,PROD003,1910,20720.11,4.22,US,
S00419,3/29/2024,CUST001,PROD006,1671,51728.19,10.5,US,SEG001
S00466,3/29/2024,CUST001,PROD001,1964,27944.29,4.1,US,SEG002
S00810,3/30/2024,CUST005,PROD001,793,11949.51,4.1,Canada,
S00527,3/31/2024,CUST011,PROD006,1180,33553.91,10.5,Canada,SEG002
S00650,3/31/2024,CUST012,PROD006,850,25815.15,10.5,US,
S00354,4/1/2024,CUST014,PROD001,526,8062.58,4.1,US,SEG001
S00560,4/2/2024,CUST008,PROD003,400,4949.41,4.22,Canada,SEG001
S00597,4/2/2024,CUST004,PROD001,1614,22076.85,4.1,US,SEG002
S00868,4/2/2024,CUST014,PROD006,507,14487.29,10.5,US,SEG001
S00022,4/5/2024,CUST015,PROD003,1112,12630.11,4.22,Canada,SEG002
S00156,4/5/2024,CUST004,PROD005,84,1767.52,7.01,US,SEG003
S00225,4/5/2024,CUST002,PROD002,75,1312.11,5.01,US,SEG001
S00083,4/6/2024,CUST001,PROD006,1530,50007.13,10.5,US,SEG001
S01015,4/6/2024,CUST005,PROD003,1941,21595.63,4.22,Canada,SEG001
S00154,4/8/2024,CUST011,PROD001,144,2187.58,4.1,Canada,SEG002
S00238,4/8/2024,CUST010,PROD001,1339,21920.59,4.1,US,SEG002
S00353,4/8/2024,CUST007,PROD004,840,22241.53,5.75,Canada,SEG002
S00925,4/8/2024,CUST005,PROD004,1627,42520.84,5.75,Canada,SEG001
S00979,4/9/2024,CUST015,PROD002,675,11368.05,5.01,Canada,SEG001
S00155,4/10/2024,CUST014,PROD005,285,5661.07,7.01,US,SEG003
S00186,4/10/2024,CUST001,PROD003,286,3235.93,4.22,US,SEG003
S00473,4/10/2024,CUST004,PROD006,1259,36445.12,10.5,US,
S00106,4/11/2024,CUST010,PROD005,1926,38645.16,7.01,US,SEG001
S00110,4/11/2024,CUST010,PROD003,573,6706.78,4.22,US,SEG001
S00853,4/11/2024,CUST006,PROD002,1715,29803.48,5.01,Canada,SEG002
S01087,4/11/2024,CUST009,PROD002,1179,20056.08,5.01,US,SEG001
S00091,4/12/2024,CUST007,PROD003,1937,25444.5,4.22,Canada,SEG002
S00187,4/12/2024,CUST009,PROD005,1962,45889.36,7.01,US,
S00569,4/12/2024,CUST001,PROD002,482,8635.02,5.01,US,SEG003
S00273,4/13/2024,CUST011,PROD005,710,14890.77,7.01,Canada,SEG001
S00291,4/14/2024,CUST002,PROD002,1631,29686.89,5.01,US,SEG003
S00026,4/15/2024,CUST013,PROD001,526,8270.55,4.1,Canada,SEG003
S00198,4/15/2024,CUST013,PROD004,1983,45916.74,5.75,Canada,SEG002
S00432,4/15/2024,CUST015,PROD004,1325,31217.01,5.75,Canada,SEG003
S00939,4/15/2024,CUST013,PROD006,264,8074.15,10.5,Canada,SEG003
S00379,4/16/2024,CUST001,PROD005,1044,22900.9,7.01,US,SEG001
S00521,4/16/2024,CUST003,PROD002,574,10771.06,5.01,US,SEG001
S00867,4/16/2024,CUST015,PROD003,1633,19464.23,4.22,Canada,SEG002
S00066,4/17/2024,CUST004,PROD003,1444,17250.76,4.22,US,SEG001
S01022,4/18/2024,CUST006,PROD003,1897,20890.27,4.22,Canada,SEG001
S01027,4/18/2024,CUST015,PROD006,1498,45871.54,10.5,Canada,SEG001
S00741,4/19/2024,CUST004,PROD001,926,14001,4.1,US,SEG001
S00829,4/20/2024,CUST011,PROD002,1778,34587.13,5.01,Canada,
S00349,4/21/2024,CUST006,PROD002,1951,31699.09,5.01,Canada,SEG001
S00484,4/21/2024,CUST003,PROD001,433,6666.18,4.1,US,SEG003
S00669,4/22/2024,CUST012,PROD001,453,6676.46,4.1,US,SEG001
S00041,4/24/2024,CUST004,PROD002,179,3232.7,5.01,US,SEG003
S00173,4/24/2024,CUST002,PROD005,1275,29086.38,7.01,US,SEG002
S00417,4/24/2024,CUST014,PROD005,477,10525.73,7.01,US,SEG003
S00528,4/27/2024,CUST014,PROD003,686,8741.15,4.22,US,SEG001
S00690,4/27/2024,CUST008,PROD002,1773,31610.47,5.01,Canada,SEG001
S00507,4/28/2024,CUST004,PROD001,988,14281.81,4.1,US,SEG003
S01098,4/28/2024,CUST002,PROD005,186,4097.84,7.01,US,SEG001
S00422,4/29/2024,CUST011,PROD004,666,16625.4,5.75,Canada,SEG001
S00872,4/29/2024,CUST008,PROD002,316,5257.9,5.01,Canada,SEG001
S00911,4/29/2024,CUST005,PROD003,1623,20080.87,4.22,Canada,SEG002
S00941,5/1/2024,CUST009,PROD003,671,8764.93,4.22,US,SEG002
S00143,5/3/2024,CUST009,PROD002,1752,31120.11,5.01,US,SEG001
S00500,5/3/2024,CUST001,PROD001,100,1393.05,4.1,US,SEG002
S00518,5/3/2024,CUST005,PROD003,1607,19005.33,4.22,Canada,SEG001
S00592,5/3/2024,CUST007,PROD006,1917,58374.1,10.5,Canada,SEG001
S00322,5/5/2024,CUST004,PROD005,1647,37574.98,7.01,US,SEG003
S00483,5/5/2024,CUST015,PROD005,199,4500.93,7.01,Canada,
S00787,5/5/2024,CUST015,PROD006,844,26389.81,10.5,Canada,SEG003
S00386,5/6/2024,CUST011,PROD004,1798,41599.3,5.75,Canada,SEG001
S01046,5/7/2024,CUST003,PROD004,361,9566.54,5.75,US,SEG001
S00524,5/8/2024,CUST014,PROD001,907,14136.03,4.1,US,SEG003
S00551,5/8/2024,CUST014,PROD004,497,12327.35,5.75,US,SEG001
S00792,5/8/2024,CUST010,PROD002,833,16403.35,5.01,US,SEG002
S00751,5/9/2024,CUST003,PROD003,452,5181.62,4.22,US,SEG001
S00938,5/9/2024,CUST007,PROD003,277,3551.5,4.22,Canada,SEG001
S00801,5/11/2024,CUST009,PROD006,861,24674.88,10.5,US,SEG001
S01062,5/12/2024,CUST012,PROD002,200,3394.62,5.01,US,SEG002
S00111,5/13/2024,CUST003,PROD002,1195,20834.9,5.01,US,SEG001
S00718,5/13/2024,CUST015,PROD006,1633,46651.98,10.5,Canada,SEG001
S00219,5/14/2024,CUST006,PROD005,1477,32837.69,7.01,Canada,SEG003
S00334,5/14/2024,CUST007,PROD006,1916,56786.42,10.5,Canada,SEG002
S00259,5/15/2024,CUST001,PROD003,1213,15628.82,4.22,US,SEG001
S00009,5/16/2024,CUST003,PROD001,1733,26543.63,4.1,US,SEG003
S00170,5/17/2024,CUST003,PROD001,909,12935.6,4.1,US,SEG001
S00812,5/17/2024,CUST011,PROD005,201,4744.45,7.01,Canada,SEG001
S00512,5/18/2024,CUST002,PROD004,150,4055.29,5.75,US,
S00656,5/19/2024,CUST011,PROD004,1194,31942.45,5.75,Canada,SEG001
S00864,5/19/2024,CUST010,PROD002,1221,22707.22,5.01,US,SEG003
S00331,5/21/2024,CUST011,PROD004,1933,45694.43,5.75,Canada,SEG002
S00587,5/21/2024,CUST008,PROD005,1557,32757,7.01,Canada,SEG003
S01099,5/21/2024,CUST007,PROD001,1878,28821.97,4.1,Canada,SEG003
S00017,5/24/2024,CUST014,PROD006,182,5912.82,10.5,US,SEG003
S00175,5/24/2024,CUST010,PROD002,1625,26606.65,5.01,US,SEG003
S01048,5/24/2024,CUST006,PROD006,1363,36967.27,10.5,Canada,SEG002
S00564,5/25/2024,CUST003,PROD006,681,21381.54,10.5,US,SEG002
S00534,5/26/2024,CUST011,PROD002,1457,27292.04,5.01,Canada,SEG002
S00687,5/26/2024,CUST014,PROD005,833,19631.15,7.01,US,SEG003
S00739,5/26/2024,CUST008,PROD004,827,20330.11,5.75,Canada,SEG003
S00128,5/27/2024,CUST015,PROD002,90,1518.28,5.01,Canada,SEG002
S00470,5/27/2024,CUST008,PROD003,218,2831.27,4.22,Canada,SEG003
S00929,5/27/2024,CUST002,PROD003,1839,20595.88,4.22,US,SEG001
S00149,5/29/2024,CUST001,PROD003,1868,22817.15,4.22,US,SEG003
S01013,5/29/2024,CUST008,PROD001,227,3455.15,4.1,Canada,SEG003
S01064,5/29/2024,CUST004,PROD002,770,14025.16,5.01,US,SEG001
S00016,5/30/2024,CUST003,PROD003,53,658.1,4.22,US,SEG003
S00577,5/30/2024,CUST009,PROD006,1559,49883.88,10.5,US,SEG001
S00146,5/31/2024,CUST011,PROD002,713,13936.45,5.01,Canada,SEG001
S00169,5/31/2024,CUST011,PROD001,731,10539.69,4.1,Canada,
S00378,6/1/2024,CUST005,PROD006,1278,34871.78,10.5,Canada,SEG003
S00959,6/1/2024,CUST008,PROD006,400,12347.06,10.5,Canada,SEG003
S01082,6/1/2024,CUST003,PROD006,496,14469.89,10.5,US,SEG003
S00260,6/2/2024,CUST015,PROD005,1282,29866.36,7.01,Canada,SEG001
S00653,6/2/2024,CUST003,PROD001,1408,20828.37,4.1,US,SEG002
S00713,6/3/2024,CUST011,PROD002,799,13751.62,5.01,Canada,SEG001
S00930,6/3/2024,CUST012,PROD006,741,21863.17,10.5,US,SEG003
S00971,6/3/2024,CUST011,PROD001,1345,20732.96,4.1,Canada,SEG002
S01074,6/4/2024,CUST013,PROD002,1383,23037.52,5.01,Canada,SEG001
S01100,6/5/2024,CUST003,PROD003,480,5369.12,4.22,US,SEG002
S01007,6/7/2024,CUST006,PROD006,1591,50003.7,10.5,Canada,SEG003
S00420,6/8/2024,CUST007,PROD004,1030,23707.22,5.75,Canada,SEG001
S00596,6/9/2024,CUST010,PROD004,886,21827.34,5.75,US,SEG001
S00533,6/10/2024,CUST011,PROD004,1859,41968.99,5.75,Canada,SEG002
S00683,6/10/2024,CUST006,PROD005,1103,22460.85,7.01,Canada,SEG001
S00030,6/13/2024,CUST013,PROD004,754,17431.46,5.75,Canada,SEG003
S00875,6/13/2024,CUST007,PROD001,760,10503.84,4.1,Canada,SEG003
S00909,6/14/2024,CUST012,PROD001,1667,25765.35,4.1,US,SEG002
S00984,6/14/2024,CUST012,PROD006,1341,41972.03,10.5,US,SEG003
S00557,6/16/2024,CUST015,PROD002,1535,26719.45,5.01,Canada,SEG001
S01052,6/18/2024,CUST004,PROD003,561,6927.73,4.22,US,SEG003
S00163,6/21/2024,CUST004,PROD004,674,18304.24,5.75,US,SEG003
S00740,6/22/2024,CUST001,PROD001,915,14285.09,4.1,US,SEG001
S00060,6/23/2024,CUST006,PROD004,1956,50103.83,5.75,Canada,SEG003
S00251,6/23/2024,CUST012,PROD006,206,6337.62,10.5,US,SEG001
S00179,6/26/2024,CUST015,PROD003,377,4700.14,4.22,Canada,SEG002
S00879,6/26/2024,CUST005,PROD005,1866,44740.11,7.01,Canada,SEG001
S00960,6/26/2024,CUST002,PROD004,1769,40234.3,5.75,US,SEG003
S00454,6/27/2024,CUST007,PROD005,416,10006.52,7.01,Canada,SEG001
S00660,6/28/2024,CUST011,PROD003,653,7129.96,4.22,Canada,SEG003
S00854,6/28/2024,CUST009,PROD001,1795,27947.53,4.1,US,SEG001
S00336,6/30/2024,CUST007,PROD003,327,4302.29,4.22,Canada,SEG002
S00807,6/30/2024,CUST010,PROD002,1082,19319.76,5.01,US,SEG001
S00180,7/2/2024,CUST005,PROD004,1373,31746.71,5.75,Canada,SEG002
S00102,7/3/2024,CUST001,PROD005,641,13140.63,7.01,US,
S00704,7/3/2024,CUST015,PROD002,1702,27963.98,5.01,Canada,SEG003
S00763,7/3/2024,CUST009,PROD004,688,15568.94,5.75,US,SEG001
S00878,7/3/2024,CUST015,PROD005,1156,26116.7,7.01,Canada,
S00486,7/4/2024,CUST002,PROD004,1679,39552.99,5.75,US,SEG003
S00516,7/4/2024,CUST004,PROD006,1719,54081.86,10.5,US,SEG001
S01093,7/4/2024,CUST002,PROD003,410,4947.36,4.22,US,SEG002
S00184,7/5/2024,CUST013,PROD006,1208,33986.49,10.5,Canada,SEG003
S00248,7/5/2024,CUST012,PROD005,1577,35694.88,7.01,US,SEG002
S00135,7/6/2024,CUST013,PROD004,1296,30502.54,5.75,Canada,SEG003
S00392,7/6/2024,CUST007,PROD004,659,15136.66,5.75,Canada,SEG003
S00773,7/6/2024,CUST009,PROD003,675,7347.25,4.22,US,SEG001
S00981,7/6/2024,CUST004,PROD001,305,4807.2,4.1,US,SEG002
S00475,7/7/2024,CUST015,PROD006,1526,48659.43,10.5,Canada,SEG001
S00298,7/8/2024,CUST002,PROD005,849,19245.04,7.01,US,SEG001
S00229,7/9/2024,CUST013,PROD004,1561,36128.72,5.75,Canada,
S00728,7/10/2024,CUST015,PROD004,954,25943.69,5.75,Canada,SEG002
S00861,7/10/2024,CUST003,PROD005,1695,38838.9,7.01,US,SEG002
S00869,7/10/2024,CUST009,PROD005,612,13116.01,7.01,US,SEG001
S00962,7/11/2024,CUST002,PROD001,1411,19125.1,4.1,US,SEG001
S01096,7/13/2024,CUST001,PROD005,1796,36640.15,7.01,US,SEG001
S00983,7/14/2024,CUST003,PROD004,1586,41073.21,5.75,US,SEG003
S00118,7/15/2024,CUST001,PROD003,121,1358.16,4.22,US,SEG003
S00886,7/15/2024,CUST003,PROD006,1173,37822.16,10.5,US,SEG001
S00910,7/15/2024,CUST010,PROD005,1445,28743.68,7.01,US,SEG003
S00068,7/18/2024,CUST002,PROD003,854,10772.7,4.22,US,SEG003
S00246,7/18/2024,CUST006,PROD001,355,5401.95,4.1,Canada,SEG002
S00612,7/18/2024,CUST015,PROD004,881,21426.83,5.75,Canada,SEG001
S00841,7/18/2024,CUST002,PROD003,1986,25564.53,4.22,US,SEG002
S00965,7/18/2024,CUST008,PROD001,1906,28210.82,4.1,Canada,SEG002
S00643,7/19/2024,CUST003,PROD003,1512,17717.35,4.22,US,SEG003
S00205,7/21/2024,CUST015,PROD005,365,8227.14,7.01,Canada,SEG001
S01073,7/21/2024,CUST003,PROD003,1717,20422.34,4.22,US,SEG002
S00042,7/22/2024,CUST008,PROD002,1056,20324.75,5.01,Canada,SEG003
S00342,7/23/2024,CUST002,PROD002,457,8117.66,5.01,US,SEG001
S00522,7/24/2024,CUST010,PROD001,49,745.74,4.1,US,SEG003
S01051,7/24/2024,CUST012,PROD002,1962,34356.35,5.01,US,SEG002
S00228,7/25/2024,CUST005,PROD006,1465,43986.67,10.5,Canada,
S00716,7/26/2024,CUST010,PROD005,428,9473.18,7.01,US,SEG001
S00153,7/27/2024,CUST010,PROD004,1455,36740.37,5.75,US,SEG003
S00714,7/27/2024,CUST006,PROD004,1811,48455.81,5.75,Canada,SEG003
S01018,7/27/2024,CUST001,PROD006,880,29007.79,10.5,US,SEG001
S00530,7/28/2024,CUST005,PROD003,404,5317.88,4.22,Canada,SEG001
S00398,7/30/2024,CUST010,PROD004,1834,46170.7,5.75,US,SEG001
S00035,7/31/2024,CUST001,PROD005,257,5211.94,7.01,US,SEG001
S00479,7/31/2024,CUST014,PROD005,192,4162.16,7.01,US,
S00797,7/31/2024,CUST007,PROD003,562,6859.59,4.22,Canada,SEG003
S00269,8/1/2024,CUST002,PROD003,738,9472.47,4.22,US,SEG002
S00034,8/2/2024,CUST005,PROD001,184,2688.61,4.1,Canada,SEG001
S00255,8/2/2024,CUST003,PROD002,979,18151.21,5.01,US,
S00459,8/2/2024,CUST003,PROD004,734,19636.36,5.75,US,SEG001
S00023,8/4/2024,CUST008,PROD001,716,10070.89,4.1,Canada,
S00701,8/4/2024,CUST013,PROD006,1433,41736.5,10.5,Canada,SEG003
S00236,8/5/2024,CUST005,PROD002,1147,20982.75,5.01,Canada,SEG001
S00835,8/5/2024,CUST010,PROD005,872,19191.61,7.01,US,SEG002
S00871,8/5/2024,CUST012,PROD006,867,24233.99,10.5,US,SEG002
S00124,8/6/2024,CUST014,PROD001,1835,26752.55,4.1,US,SEG002
S00040,8/7/2024,CUST002,PROD003,1421,17585.68,4.22,US,SEG002
S00364,8/7/2024,CUST011,PROD006,1506,45522.13,10.5,Canada,SEG001
S00576,8/7/2024,CUST015,PROD001,1019,13878.41,4.1,Canada,SEG001
S00063,8/8/2024,CUST010,PROD002,68,1328.7,5.01,US,SEG001
S00185,8/8/2024,CUST002,PROD002,1666,32680.78,5.01,US,SEG001
S01097,8/8/2024,CUST015,PROD001,1454,23244.63,4.1,Canada,SEG001
S00707,8/9/2024,CUST010,PROD001,1103,15351.01,4.1,US,SEG001
S00140,8/10/2024,CUST007,PROD006,1839,56345.14,10.5,Canada,SEG001
S00266,8/10/2024,CUST007,PROD004,1767,41062.58,5.75,Canada,
S00361,8/10/2024,CUST012,PROD004,1461,34953.4,5.75,US,SEG002
S00948,8/10/2024,CUST014,PROD005,1700,35284.68,7.01,US,SEG003
S00595,8/11/2024,CUST004,PROD005,1987,45504.07,7.01,US,SEG003
S00373,8/12/2024,CUST011,PROD002,679,12353.46,5.01,Canada,SEG002
S00782,8/13/2024,CUST002,PROD006,591,16672.32,10.5,US,SEG001
S00900,8/13/2024,CUST002,PROD001,565,8557.15,4.1,US,SEG002
S00270,8/14/2024,CUST013,PROD004,37,982.06,5.75,Canada,SEG002
S00416,8/14/2024,CUST004,PROD004,1105,26053.25,5.75,US,SEG002
S00409,8/15/2024,CUST002,PROD006,582,18946.78,10.5,US,SEG001
S00021,8/16/2024,CUST008,PROD003,400,4867.65,4.22,Canada,SEG003
S00462,8/16/2024,CUST012,PROD004,1554,36795.45,5.75,US,SEG001
S00874,8/17/2024,CUST012,PROD005,216,4408.42,7.01,US,SEG001
S00168,8/19/2024,CUST001,PROD001,1614,23797.1,4.1,US,SEG001
S00719,8/19/2024,CUST007,PROD002,212,3539.62,5.01,Canada,
S00731,8/19/2024,CUST014,PROD004,970,22701.01,5.75,US,SEG003
S00455,8/20/2024,CUST001,PROD001,484,7936.84,4.1,US,
S00905,8/20/2024,CUST013,PROD005,590,13247.6,7.15,Canada,SEG001
S00992,8/20/2024,CUST002,PROD002,943,18170.4,5.01,US,SEG002
S00003,8/21/2024,CUST003,PROD001,158,2318.6,4.12,US,SEG003
S00268,8/22/2024,CUST015,PROD003,697,8027.38,4.22,Canada,SEG003
S00181,8/23/2024,CUST010,PROD006,1250,35559.18,10.5,US,SEG001
S00793,8/23/2024,CUST005,PROD006,1120,36114.15,10.5,Canada,SEG003
S00932,8/23/2024,CUST007,PROD002,1859,30433.52,5.01,Canada,SEG003
S00323,8/25/2024,CUST003,PROD004,648,15902.11,5.75,US,SEG003
S00730,8/26/2024,CUST013,PROD006,1968,60896.91,10.5,Canada,SEG002
S00846,8/27/2024,CUST009,PROD004,1206,33116.02,5.75,US,
S00717,8/28/2024,CUST002,PROD006,777,25349.37,10.5,US,SEG001
S00680,8/29/2024,CUST002,PROD001,732,11538.14,4.12,US,SEG002
S00195,8/30/2024,CUST014,PROD003,523,6668.59,4.22,US,SEG001
S00328,8/30/2024,CUST007,PROD005,150,3177.79,7.15,Canada,SEG003
S00350,8/31/2024,CUST012,PROD003,732,9602.92,4.22,US,SEG001
S00165,9/2/2024,CUST010,PROD003,1013,12974.69,4.22,US,SEG001
S00668,9/2/2024,CUST010,PROD006,838,25127.89,10.5,US,SEG002
S00043,9/5/2024,CUST004,PROD006,981,32231.02,10.5,US,SEG003
S00547,9/5/2024,CUST014,PROD006,415,11664.56,10.5,US,
S00166,9/7/2024,CUST013,PROD002,464,8973.97,5.01,Canada,SEG002
S00809,9/7/2024,CUST006,PROD002,918,16967.39,5.01,Canada,SEG002
S01043,9/7/2024,CUST010,PROD003,728,8681.32,4.22,US,SEG001
S00284,9/8/2024,CUST004,PROD001,1578,24906.92,4.12,US,SEG001
S00493,9/8/2024,CUST003,PROD005,118,2450.42,7.15,US,SEG003
S00123,9/9/2024,CUST002,PROD004,1118,29107.01,5.75,US,SEG003
S00568,9/9/2024,CUST005,PROD001,1720,24591.23,4.12,Canada,SEG003
S00579,9/10/2024,CUST011,PROD003,218,2625.31,4.22,Canada,SEG002
S00989,9/13/2024,CUST010,PROD006,1732,48104.05,10.5,US,SEG003
S00103,9/14/2024,CUST007,PROD006,1011,32091.66,10.5,Canada,SEG001
S00599,9/14/2024,CUST008,PROD003,1867,21281.55,4.22,Canada,SEG001
S00430,9/15/2024,CUST009,PROD003,1258,16531.07,4.22,US,SEG001
S01063,9/15/2024,CUST012,PROD003,1690,18540.57,4.22,US,SEG001
S00191,9/16/2024,CUST014,PROD005,1711,38581.87,7.15,US,SEG003
S01019,9/17/2024,CUST008,PROD006,1245,38104.86,10.5,Canada,SEG002
S00581,9/19/2024,CUST012,PROD002,1924,37506.7,5.01,US,SEG001
S00724,9/20/2024,CUST006,PROD002,770,14380.25,5.01,Canada,SEG001
S00798,9/20/2024,CUST008,PROD004,1578,39810.11,5.75,Canada,SEG003
S01026,9/23/2024,CUST008,PROD001,1233,18402.54,4.12,Canada,
S00001,9/24/2024,CUST015,PROD003,945,11838.73,4.22,Canada,SEG001
S00889,9/24/2024,CUST002,PROD004,1662,41961.82,5.75,US,SEG001
S00401,9/26/2024,CUST014,PROD003,1139,14691.23,4.22,US,SEG002
S01038,9/27/2024,CUST006,PROD004,1100,28697.59,5.75,Canada,SEG001
S00412,9/28/2024,CUST006,PROD001,1171,19176.34,4.12,Canada,SEG003
S00926,9/28/2024,CUST002,PROD006,1130,34639.29,10.5,US,SEG001
S00452,9/29/2024,CUST015,PROD003,1026,12614.9,4.22,Canada,
S00549,10/1/2024,CUST005,PROD002,948,18075.72,5.01,Canada,SEG002
S00843,10/1/2024,CUST002,PROD003,1444,16333.5,4.22,US,SEG003
S00045,10/2/2024,CUST001,PROD004,1321,30487.18,5.75,US,SEG001
S00652,10/2/2024,CUST011,PROD001,1444,22631.14,4.12,Canada,SEG002
S01014,10/2/2024,CUST015,PROD004,403,11031.17,5.75,Canada,SEG001
S00131,10/5/2024,CUST009,PROD003,1566,17923.35,4.22,US,SEG003
S00263,10/5/2024,CUST007,PROD003,1303,14337.03,4.22,Canada,
S00811,10/6/2024,CUST012,PROD002,1991,34376.43,5.01,US,SEG001
S00275,10/8/2024,CUST012,PROD005,916,21438.81,7.15,US,SEG003
S00460,10/8/2024,CUST013,PROD001,1043,14197.04,4.12,Canada,SEG002
S00489,10/10/2024,CUST011,PROD005,1404,33243.02,7.15,Canada,SEG003
S00461,10/11/2024,CUST004,PROD003,212,2499.34,4.22,US,SEG001
S00075,10/12/2024,CUST005,PROD001,670,9800.8,4.12,Canada,SEG003
S00150,10/12/2024,CUST010,PROD005,616,14403.82,7.15,US,SEG001
S00308,10/12/2024,CUST009,PROD002,1372,25638.8,5.01,US,SEG002
S00974,10/12/2024,CUST009,PROD003,410,4470.01,4.22,US,SEG001
S00144,10/13/2024,CUST010,PROD005,1171,26858.67,7.15,US,SEG001
S00628,10/14/2024,CUST006,PROD002,1453,28147.21,5.01,Canada,
S01045,10/15/2024,CUST011,PROD005,1657,34749.74,7.15,Canada,SEG002
S00510,10/17/2024,CUST015,PROD001,1575,25735.99,4.12,Canada,SEG002
S00987,10/17/2024,CUST006,PROD006,121,3580.58,10.5,Canada,SEG003
S00125,10/18/2024,CUST015,PROD006,712,20727.37,10.5,Canada,SEG001
S00603,10/18/2024,CUST004,PROD005,1096,23574.72,7.15,US,SEG001
S00894,10/18/2024,CUST005,PROD003,341,3697.44,4.22,Canada,SEG003
S00710,10/19/2024,CUST006,PROD003,159,1910.65,4.22,Canada,SEG001
S00197,10/21/2024,CUST008,PROD006,1124,35270.97,10.5,Canada,SEG003
S00767,10/21/2024,CUST013,PROD005,354,7042.65,7.15,Canada,SEG003
S00942,10/21/2024,CUST008,PROD001,345,5211.98,4.12,Canada,
S01000,10/21/2024,CUST011,PROD004,692,18278.97,5.75,Canada,
S00183,10/24/2024,CUST006,PROD005,730,16384.37,7.15,Canada,SEG001
S00429,10/24/2024,CUST015,PROD003,1090,12821.82,4.22,Canada,SEG003
S00673,10/24/2024,CUST014,PROD002,1575,27423.55,5.01,US,SEG001
S01095,10/24/2024,CUST009,PROD005,627,15138.63,7.15,US,SEG002
S00281,10/26/2024,CUST002,PROD006,45,1336.37,10.5,US,SEG001
S00065,10/27/2024,CUST003,PROD005,512,10976.08,7.15,US,SEG001
S00535,10/27/2024,CUST007,PROD002,75,1464.8,5.01,Canada,SEG001
S00634,10/27/2024,CUST005,PROD001,1809,27607.08,4.12,Canada,SEG001
S00414,10/29/2024,CUST010,PROD002,90,1500.84,5.01,US,SEG002
S00777,10/30/2024,CUST014,PROD003,687,7472.42,4.22,US,SEG001
S00949,10/30/2024,CUST006,PROD006,1162,35344.87,10.5,Canada,
S00563,11/2/2024,CUST014,PROD001,159,2288.2,4.12,US,SEG003
S00622,11/2/2024,CUST010,PROD002,640,10853.63,5.01,US,SEG003
S00998,11/2/2024,CUST012,PROD003,1833,23654.88,4.22,US,SEG003
S01025,11/3/2024,CUST009,PROD005,1273,26821.11,7.15,US,SEG003
S00250,11/4/2024,CUST015,PROD004,544,13047.83,5.75,Canada,SEG002
S00499,11/4/2024,CUST015,PROD005,58,1298.41,7.15,Canada,SEG002
S00550,11/4/2024,CUST004,PROD004,542,13709.54,5.75,US,SEG001
S00937,11/4/2024,CUST010,PROD001,333,5044.39,4.12,US,SEG003
S00044,11/5/2024,CUST011,PROD001,322,4519.1,4.12,Canada,
S00253,11/6/2024,CUST002,PROD001,1645,23738.98,4.12,US,SEG003
S00611,11/6/2024,CUST015,PROD005,863,20072.59,7.15,Canada,SEG001
S00913,11/7/2024,CUST013,PROD001,185,3016.77,4.12,Canada,SEG001
S00120,11/8/2024,CUST005,PROD002,754,14630.88,5.01,Canada,SEG002
S00536,11/8/2024,CUST007,PROD001,1436,21935.57,4.12,Canada,SEG003
S00631,11/8/2024,CUST015,PROD002,918,18035.33,5.01,Canada,SEG003
S00309,11/9/2024,CUST006,PROD001,590,9688.91,4.12,Canada,SEG001
S00771,11/9/2024,CUST006,PROD006,1148,36442.04,10.5,Canada,SEG001
S01060,11/9/2024,CUST013,PROD003,772,9469.99,4.22,Canada,SEG001
S00415,11/11/2024,CUST009,PROD002,1785,31445.19,5.15,US,
S00629,11/12/2024,CUST014,PROD003,1050,11446.68,4.22,US,
S00389,11/13/2024,CUST008,PROD005,21,484.48,7.15,Canada,SEG003
S00508,11/13/2024,CUST010,PROD004,1486,34554.13,5.75,US,SEG002
S01037,11/14/2024,CUST009,PROD005,64,1383.45,7.15,US,
S00517,11/16/2024,CUST006,PROD004,1951,51800.07,5.75,Canada,SEG003
S00555,11/17/2024,CUST006,PROD006,1535,42963.31,10.6,Canada,SEG003
S00975,11/17/2024,CUST005,PROD002,1793,35061.34,5.15,Canada,SEG001
S00304,11/18/2024,CUST009,PROD002,353,6933.5,5.15,US,SEG003
S00817,11/18/2024,CUST010,PROD002,1203,21904.81,5.15,US,SEG001
S00791,11/19/2024,CUST009,PROD001,425,6931.3,4.12,US,SEG001
S01055,11/19/2024,CUST005,PROD003,1428,17805.37,4.22,Canada,SEG003
S00506,11/20/2024,CUST013,PROD003,696,7554.57,4.22,Canada,SEG002
S00100,11/21/2024,CUST015,PROD002,266,4587.57,5.15,Canada,SEG001
S00108,11/21/2024,CUST009,PROD003,546,6268.27,4.22,US,SEG002
S00679,11/21/2024,CUST008,PROD004,595,14653.97,5.75,Canada,SEG001
S01066,11/21/2024,CUST006,PROD002,1285,22866.16,5.15,Canada,SEG001
S00469,11/22/2024,CUST015,PROD006,1886,58126.68,10.6,Canada,SEG001
S00282,11/23/2024,CUST003,PROD001,188,2814.51,4.12,US,SEG002
S00405,11/23/2024,CUST003,PROD002,509,9796.29,5.15,US,SEG001
S00423,11/23/2024,CUST004,PROD006,730,23186.75,10.6,US,SEG003
S00640,11/23/2024,CUST001,PROD001,1820,29342.6,4.12,US,SEG001
S00836,11/23/2024,CUST015,PROD002,1210,22872.7,5.15,Canada,SEG002
S00819,11/24/2024,CUST001,PROD002,1441,25910.69,5.15,US,SEG002
S00377,11/25/2024,CUST006,PROD004,1128,28547.63,5.75,Canada,SEG002
S00623,11/25/2024,CUST007,PROD004,687,18467.07,5.75,Canada,SEG001
S00061,11/26/2024,CUST013,PROD005,1178,27411.73,7.15,Canada,SEG002
S01010,11/26/2024,CUST007,PROD006,338,10229.43,10.6,Canada,SEG003
S00338,11/27/2024,CUST010,PROD006,1469,40556.8,10.6,US,SEG003
S00901,11/28/2024,CUST009,PROD006,379,10936.41,10.6,US,SEG002
S00918,11/28/2024,CUST008,PROD002,1681,29459.85,5.15,Canada,SEG002
S00359,11/29/2024,CUST007,PROD002,442,7818.54,5.15,Canada,SEG002
S00543,11/29/2024,CUST009,PROD006,1898,53527.73,10.6,US,SEG002
S00018,12/1/2024,CUST004,PROD002,1614,26441.58,5.15,US,SEG003
S00247,12/1/2024,CUST002,PROD006,320,9977.84,10.6,US,SEG002
S00477,12/1/2024,CUST007,PROD004,1367,36364.05,5.75,Canada,SEG003
S00635,12/2/2024,CUST013,PROD006,1541,47958.86,10.6,Canada,SEG002
S00474,12/3/2024,CUST001,PROD006,212,6159.87,10.6,US,SEG003
S00501,12/3/2024,CUST014,PROD003,1135,12526.69,4.22,US,SEG002
S00891,12/3/2024,CUST005,PROD006,1036,33403.29,10.6,Canada,SEG001
S00053,12/4/2024,CUST014,PROD001,1031,15251.48,4.12,US,SEG001
S00583,12/4/2024,CUST011,PROD003,749,8183.67,4.22,Canada,
S00678,12/4/2024,CUST002,PROD001,1377,21740.4,4.12,US,SEG001
S00783,12/4/2024,CUST011,PROD004,1862,45864.77,5.75,Canada,SEG003
S00283,12/5/2024,CUST007,PROD002,1051,20451.4,5.15,Canada,SEG001
S00774,12/5/2024,CUST009,PROD003,232,2694,4.22,US,SEG003
S00832,12/6/2024,CUST009,PROD004,1666,40345.47,5.75,US,SEG001
S01058,12/6/2024,CUST009,PROD006,690,19159.39,10.6,US,SEG003
S01088,12/6/2024,CUST004,PROD003,1645,21231.13,4.22,US,SEG001
S00315,12/7/2024,CUST002,PROD002,1024,19685.46,5.15,US,SEG002
S01008,12/7/2024,CUST014,PROD005,113,2702.01,7.15,US,SEG002
S00541,12/8/2024,CUST011,PROD001,534,8711.42,4.12,Canada,SEG003
S00736,12/8/2024,CUST003,PROD003,89,1007.75,4.22,US,SEG001
S00766,12/8/2024,CUST008,PROD004,1004,23225.36,5.75,Canada,
S00024,12/11/2024,CUST009,PROD001,960,13543.42,4.12,US,SEG001
S00325,12/11/2024,CUST015,PROD004,304,8168.89,5.75,Canada,SEG003
S00899,12/11/2024,CUST002,PROD006,984,31024.69,10.6,US,
S00277,12/12/2024,CUST015,PROD004,1896,44987.91,5.75,Canada,SEG001
S00677,12/12/2024,CUST005,PROD002,962,16893.46,5.15,Canada,SEG001
S00750,12/12/2024,CUST013,PROD004,295,6813.37,5.75,Canada,SEG002
S00795,12/12/2024,CUST009,PROD001,85,1242.22,4.12,US,SEG003
S00764,12/13/2024,CUST015,PROD004,605,15504.36,5.75,Canada,SEG002
S00387,12/14/2024,CUST007,PROD002,1838,34048.36,5.15,Canada,
S00553,12/16/2024,CUST001,PROD005,81,1604.81,7.15,US,SEG001
S00559,12/16/2024,CUST009,PROD004,736,19480.34,5.75,US,SEG001
S00257,12/17/2024,CUST008,PROD002,305,5156.53,5.15,Canada,SEG002
S00400,12/17/2024,CUST003,PROD005,1087,21852.16,7.15,US,SEG001
S00261,12/19/2024,CUST007,PROD005,1141,22726.6,7.15,Canada,SEG003
S00297,12/19/2024,CUST008,PROD001,596,8244.75,4.12,Canada,SEG003
S00977,12/19/2024,CUST001,PROD003,956,10927.74,4.22,US,SEG002
S00375,12/21/2024,CUST015,PROD003,1227,14204.49,4.22,Canada,SEG001
S01040,12/23/2024,CUST008,PROD001,1718,27655.56,4.12,Canada,
S00254,12/27/2024,CUST005,PROD001,713,10055.79,4.12,Canada,SEG001
S00620,12/27/2024,CUST003,PROD006,167,4728.89,10.6,US,SEG003
S00700,12/27/2024,CUST005,PROD004,835,21153.82,5.75,Canada,SEG002
S00117,12/28/2024,CUST010,PROD002,1913,34969.7,5.15,US,SEG002
S00702,12/28/2024,CUST012,PROD002,1523,29478.71,5.15,US,SEG002
S00511,12/29/2024,CUST001,PROD004,374,8456.52,5.75,US,SEG003
S00136,12/31/2024,CUST003,PROD003,336,3695.63,4.22,US,SEG003
S01091,1/1/2025,CUST002,PROD001,606,9425.04,4.12,US,SEG001
S00458,1/2/2025,CUST001,PROD003,320,3952.46,4.22,US,SEG001
S00062,1/3/2025,CUST012,PROD006,133,4356.76,10.6,US,SEG003
S00199,1/3/2025,CUST001,PROD002,1692,32053.24,5.15,US,
S00636,1/3/2025,CUST008,PROD002,1685,28243.64,5.15,Canada,SEG003
S00031,1/6/2025,CUST008,PROD003,1354,15945.66,4.22,Canada,SEG001
S00442,1/6/2025,CUST009,PROD005,1276,27638.68,7.15,US,SEG001
S00695,1/6/2025,CUST006,PROD004,1051,25502.76,6.15,Canada,SEG001
S00737,1/6/2025,CUST006,PROD003,1859,21079.4,4.22,Canada,SEG002
S00582,1/7/2025,CUST007,PROD002,407,7435.51,5.15,Canada,
S00917,1/7/2025,CUST001,PROD001,1498,23721.18,4.12,US,SEG003
S00011,1/10/2025,CUST012,PROD006,1771,53976.07,10.6,US,SEG003
S00249,1/10/2025,CUST013,PROD003,581,6877.08,4.22,Canada,SEG003
S01016,1/10/2025,CUST011,PROD002,465,8209.33,5.15,Canada,SEG003
S00491,1/11/2025,CUST015,PROD005,1814,36255.72,7.15,Canada,SEG003
S00831,1/11/2025,CUST012,PROD001,1670,26326.93,4.12,US,SEG002
S00877,1/11/2025,CUST003,PROD002,705,12149.76,5.15,US,SEG001
S00276,1/13/2025,CUST014,PROD004,728,18320.44,6.15,US,SEG003
S00705,1/13/2025,CUST002,PROD002,1806,31042.55,5.15,US,SEG003
S00468,1/15/2025,CUST003,PROD005,1032,23527.45,7.15,US,SEG001
S00356,1/16/2025,CUST003,PROD005,115,2699.06,7.15,US,SEG002
S00207,1/17/2025,CUST012,PROD002,749,14068.76,5.15,US,SEG003
S00391,1/17/2025,CUST009,PROD004,1538,35091,6.15,US,SEG003
S00758,1/17/2025,CUST001,PROD006,640,18855.7,10.6,US,SEG003
S00632,1/19/2025,CUST006,PROD001,367,5654.87,4.12,Canada,SEG003
S00738,1/19/2025,CUST002,PROD006,818,22485.57,10.6,US,SEG001
S00601,1/20/2025,CUST014,PROD002,1573,25655.03,5.15,US,SEG003
S00866,1/20/2025,CUST006,PROD003,410,4870.13,4.22,Canada,SEG002
S00300,1/21/2025,CUST013,PROD005,339,7610.2,7.15,Canada,SEG002
S00233,1/22/2025,CUST011,PROD004,748,16919.63,6.15,Canada,SEG002
S01028,1/25/2025,CUST003,PROD001,1636,24980.47,4.12,US,SEG002
S00525,1/26/2025,CUST002,PROD006,1356,42555.07,10.6,US,SEG003
S00604,1/27/2025,CUST011,PROD001,1056,17203.04,4.12,Canada,SEG001
S00237,1/28/2025,CUST011,PROD005,1964,40596.59,7.15,Canada,SEG002
S00443,1/28/2025,CUST010,PROD004,917,22760.66,6.15,US,
S00539,1/28/2025,CUST007,PROD006,303,8995.31,10.6,Canada,SEG003
S00286,1/29/2025,CUST004,PROD005,600,13107.41,7.15,US,SEG003
S00790,1/29/2025,CUST004,PROD006,329,10171.27,10.6,US,SEG002
S00618,1/30/2025,CUST013,PROD006,698,19904.58,10.6,Canada,SEG002
S00956,1/31/2025,CUST007,PROD006,1922,53769.91,10.6,Canada,SEG002
S00531,2/1/2025,CUST008,PROD005,338,8145.74,7.15,Canada,SEG002
S00558,2/1/2025,CUST003,PROD004,1706,43836.65,6.15,US,SEG002
S00805,2/1/2025,CUST002,PROD002,1058,19022.79,5.15,US,SEG001
S00890,2/1/2025,CUST009,PROD001,723,10025.33,4.12,US,SEG001
S00358,2/2/2025,CUST010,PROD003,1570,19566.61,4.22,US,SEG001
S00562,2/4/2025,CUST014,PROD002,89,1461.53,5.15,US,SEG003
S00735,2/4/2025,CUST008,PROD003,598,7893.42,4.22,Canada,SEG002
S00990,2/4/2025,CUST014,PROD004,1612,42490.02,6.15,US,SEG001
S00859,2/6/2025,CUST012,PROD004,1471,36880.2,6.15,US,SEG001
S00220,2/7/2025,CUST007,PROD004,767,20063.71,6.15,Canada,SEG001
S00272,2/7/2025,CUST005,PROD001,52,840.45,4.12,Canada,SEG001
S00252,2/8/2025,CUST002,PROD006,758,20654.31,10.6,US,SEG002
S00865,2/8/2025,CUST011,PROD006,713,21898.73,10.6,Canada,SEG001
S00863,2/9/2025,CUST012,PROD006,1599,49459.97,10.6,US,SEG001
S00244,2/10/2025,CUST003,PROD004,71,1846.74,6.15,US,SEG001
S00451,2/11/2025,CUST001,PROD003,651,7916.49,4.22,US,SEG003
S00880,2/12/2025,CUST010,PROD003,1915,21824.1,4.22,US,SEG003
S00497,2/13/2025,CUST008,PROD006,82,2238.68,10.6,Canada,SEG001
S00647,2/13/2025,CUST012,PROD004,476,12631.11,6.15,US,SEG003
S00670,2/13/2025,CUST013,PROD001,737,11385.56,4.12,Canada,SEG003
S00335,2/14/2025,CUST010,PROD001,1168,17008.42,4.12,US,SEG002
S00845,2/14/2025,CUST002,PROD003,516,5975.55,4.22,US,SEG003
S00341,2/15/2025,CUST008,PROD004,1508,35068.15,6.15,Canada,SEG001
S00453,2/15/2025,CUST012,PROD006,1046,28447.88,10.6,US,SEG002
S00087,2/17/2025,CUST004,PROD002,207,3675.46,5.15,US,SEG003
S00712,2/17/2025,CUST004,PROD004,1176,31652.82,6.15,US,SEG002
S00365,2/18/2025,CUST002,PROD001,1419,20887.57,4.12,US,SEG003
S00993,2/19/2025,CUST011,PROD005,918,20662.3,7.15,Canada,SEG003
S00821,2/20/2025,CUST006,PROD005,1150,24629.29,7.15,Canada,SEG003
S00094,2/22/2025,CUST006,PROD003,1804,22820.92,4.22,Canada,SEG002
S00122,2/22/2025,CUST003,PROD001,150,2466.47,4.12,US,SEG003
S00210,2/22/2025,CUST006,PROD001,1755,25362.47,4.18,Canada,SEG003
S00663,2/22/2025,CUST002,PROD002,204,3396.14,5.15,US,SEG001
S00922,2/23/2025,CUST004,PROD003,281,3702,4.22,US,SEG002
S00230,2/24/2025,CUST005,PROD006,56,1590.36,10.6,Canada,
S00264,2/25/2025,CUST006,PROD006,1481,40043.18,10.6,Canada,SEG001
S00552,2/25/2025,CUST007,PROD004,1135,30030.4,6.15,Canada,SEG003
S00946,2/25/2025,CUST002,PROD006,1036,29564.93,10.85,US,SEG002
S00152,2/26/2025,CUST007,PROD003,836,9830,4.22,Canada,SEG002
S00709,2/26/2025,CUST011,PROD001,1069,16120.64,4.18,Canada,SEG003
S00127,2/27/2025,CUST003,PROD006,124,3629.21,10.85,US,SEG001
S00004,2/28/2025,CUST005,PROD005,831,17920.43,7.15,Canada,SEG003
S00840,2/28/2025,CUST003,PROD004,97,2505.86,6.15,US,
S00951,2/28/2025,CUST012,PROD002,761,15013.58,5.15,US,SEG001
S00227,3/1/2025,CUST004,PROD005,271,5853.37,7.15,US,SEG001
S00326,3/1/2025,CUST014,PROD002,1959,35571.39,5.15,US,SEG001
S00445,3/1/2025,CUST005,PROD003,370,4389.74,4.22,Canada,SEG001
S00778,3/1/2025,CUST010,PROD001,1152,17470.68,4.18,US,SEG001
S01036,3/1/2025,CUST002,PROD001,617,9690.62,4.18,US,
S00162,3/2/2025,CUST006,PROD005,364,7486.01,7.15,Canada,SEG001
S00242,3/3/2025,CUST008,PROD006,365,11567.1,10.85,Canada,SEG002
S01001,3/3/2025,CUST006,PROD005,1519,30238.96,7.15,Canada,SEG003
S00729,3/6/2025,CUST006,PROD006,1151,35750.18,10.85,Canada,SEG001
S00955,3/6/2025,CUST010,PROD003,995,12538.17,4.22,US,SEG003
S00343,3/7/2025,CUST011,PROD001,69,942.76,4.18,Canada,SEG001
S01042,3/7/2025,CUST011,PROD004,1344,34801.4,6.15,Canada,
S00095,3/8/2025,CUST005,PROD003,1501,18590.41,4.22,Canada,SEG001
S00410,3/8/2025,CUST001,PROD005,242,5728.83,7.15,US,SEG002
S00444,3/8/2025,CUST011,PROD003,209,2392.85,4.22,Canada,
S00069,3/9/2025,CUST010,PROD003,965,11582.36,4.22,US,SEG002
S00703,3/10/2025,CUST003,PROD004,1190,29040.69,6.15,US,SEG001
S00994,3/10/2025,CUST008,PROD001,1360,19545.16,4.18,Canada,SEG002
S01009,3/10/2025,CUST004,PROD005,940,22062.89,7.15,US,SEG001
S01057,3/10/2025,CUST008,PROD002,1015,17677.68,5.15,Canada,SEG001
S00231,3/11/2025,CUST003,PROD002,1543,27711.22,5.15,US,SEG003
S00449,3/11/2025,CUST013,PROD002,261,5108.69,5.15,Canada,SEG002
S00097,3/13/2025,CUST008,PROD002,1901,33783.06,5.15,Canada,SEG002
S00347,3/13/2025,CUST015,PROD006,1153,33718.24,10.85,Canada,SEG001
S00696,3/13/2025,CUST005,PROD005,1630,34962.66,7.15,Canada,SEG001
S00214,3/14/2025,CUST003,PROD005,386,9110.93,7.15,US,SEG001
S00396,3/14/2025,CUST008,PROD001,1308,19782.74,4.18,Canada,SEG003
S00760,3/14/2025,CUST015,PROD003,188,2196.2,4.22,Canada,SEG002
S00590,3/15/2025,CUST012,PROD006,1970,59109.64,10.85,US,SEG001
S00693,3/15/2025,CUST014,PROD004,943,24213.42,6.15,US,SEG002
S00092,3/16/2025,CUST006,PROD005,1088,25148.16,7.15,Canada,SEG002
S00496,3/16/2025,CUST011,PROD005,1161,24286.67,7.15,Canada,SEG002
S01047,3/17/2025,CUST002,PROD003,734,9282.23,4.22,US,SEG002
S01068,3/18/2025,CUST013,PROD003,542,6480.95,4.22,Canada,
S00279,3/19/2025,CUST001,PROD005,1605,34968.58,7.15,US,SEG002
S00824,3/19/2025,CUST010,PROD005,1484,31671.23,7.15,US,SEG001
S00915,3/19/2025,CUST012,PROD001,104,1447.61,4.18,US,SEG002
S00292,3/20/2025,CUST005,PROD005,537,12129.91,7.15,Canada,SEG002
S00317,3/20/2025,CUST013,PROD002,524,10310.47,5.15,Canada,SEG003
S00327,3/20/2025,CUST003,PROD001,950,14130.24,4.18,US,SEG002
S00376,3/20/2025,CUST008,PROD002,1409,26433.9,5.15,Canada,SEG002
S00722,3/20/2025,CUST011,PROD004,1996,48594.57,6.15,Canada,
S00907,3/22/2025,CUST006,PROD003,1311,16930.34,4.22,Canada,SEG001
S01020,3/22/2025,CUST009,PROD004,1475,38696.15,6.15,US,SEG001
S00071,3/23/2025,CUST008,PROD005,1462,31326.56,7.15,Canada,SEG003
S00232,3/24/2025,CUST015,PROD002,574,10026.12,5.15,Canada,SEG002
S00245,3/24/2025,CUST014,PROD005,1738,34412.64,7.15,US,SEG003
S00351,3/24/2025,CUST012,PROD004,883,23565.91,6.15,US,SEG001
S00770,3/24/2025,CUST003,PROD006,111,3031.61,10.85,US,SEG003
S00057,3/26/2025,CUST001,PROD004,424,10580.07,6.15,US,SEG002
S00852,3/26/2025,CUST005,PROD004,783,19370.56,6.15,Canada,SEG001
S00749,3/27/2025,CUST002,PROD005,1807,40284.98,7.15,US,SEG003
S00388,3/28/2025,CUST007,PROD006,962,27166.96,10.85,Canada,SEG002
S01005,3/28/2025,CUST006,PROD001,261,4027.94,4.18,Canada,SEG001
S00839,3/29/2025,CUST012,PROD002,441,8636.59,5.15,US,SEG003
S00321,3/30/2025,CUST004,PROD005,1713,34250.22,7.15,US,SEG001
S00957,3/31/2025,CUST009,PROD003,466,5812.4,4.22,US,SEG002
S00976,3/31/2025,CUST008,PROD005,476,11001.59,7.15,Canada,
S00299,4/1/2025,CUST007,PROD004,1925,48251,6.15,Canada,SEG003
S00529,4/1/2025,CUST002,PROD005,1331,28503.93,7.15,US,SEG001
S00226,4/2/2025,CUST011,PROD002,1643,30018.92,5.15,Canada,SEG001
S00519,4/2/2025,CUST003,PROD004,838,19114.1,6.15,US,SEG001
S00598,4/2/2025,CUST013,PROD001,327,4694.34,4.18,Canada,SEG001
S00658,4/2/2025,CUST009,PROD002,540,9371.22,5.15,US,SEG001
S01067,4/2/2025,CUST003,PROD002,72,1202.32,5.15,US,
S00293,4/3/2025,CUST004,PROD004,1596,36478.38,6.15,US,SEG002
S00789,4/3/2025,CUST011,PROD005,49,1048.33,7.15,Canada,SEG002
S00756,4/4/2025,CUST008,PROD004,899,23161.15,6.15,Canada,SEG001
S00471,4/5/2025,CUST001,PROD002,90,1628.86,5.15,US,SEG001
S00814,4/5/2025,CUST003,PROD006,1394,40525.75,10.85,US,SEG001
S00934,4/5/2025,CUST007,PROD001,1476,20563.47,4.18,Canada,
S00013,4/7/2025,CUST014,PROD003,347,4029.06,4.22,US,SEG002
S00394,4/7/2025,CUST009,PROD005,396,8218,7.15,US,SEG001
S00593,4/7/2025,CUST010,PROD001,434,6893.43,4.18,US,SEG003
S00916,4/7/2025,CUST014,PROD001,28,452.53,4.18,US,
S00360,4/8/2025,CUST006,PROD001,138,2054.85,4.18,Canada,SEG003
S00870,4/8/2025,CUST001,PROD004,1315,34532.92,6.15,US,SEG003
S00856,4/9/2025,CUST009,PROD005,527,12614.02,7.15,US,SEG003
S00610,4/11/2025,CUST009,PROD005,1215,28191.93,7.15,US,SEG002
S00295,4/12/2025,CUST001,PROD001,1171,17349.5,4.18,US,SEG002
S00193,4/13/2025,CUST004,PROD003,387,4196.19,4.22,US,SEG002
S00487,4/13/2025,CUST005,PROD001,974,14217.15,4.18,Canada,SEG003
S00600,4/13/2025,CUST015,PROD005,1008,22970.44,7.15,Canada,SEG002
S00324,4/14/2025,CUST006,PROD001,908,12401.36,4.18,Canada,SEG001
S00963,4/14/2025,CUST005,PROD003,1740,21129.73,4.22,Canada,SEG001
S00141,4/15/2025,CUST001,PROD003,249,2940.74,4.22,US,SEG003
S00659,4/15/2025,CUST002,PROD001,943,15210.31,4.18,US,SEG002
S00105,4/17/2025,CUST004,PROD001,888,14555.15,4.18,US,SEG001
S00630,4/17/2025,CUST006,PROD003,992,12464.26,4.22,Canada,SEG001
S01065,4/20/2025,CUST014,PROD003,1766,19752.49,4.22,US,SEG003
S00313,4/22/2025,CUST012,PROD002,1377,25095.94,5.15,US,SEG001
S00779,4/22/2025,CUST013,PROD002,721,13340.01,5.15,Canada,SEG001
S00796,4/22/2025,CUST012,PROD003,1493,18409.28,4.22,US,SEG001
S00961,4/22/2025,CUST006,PROD002,823,14761.96,5.15,Canada,SEG003
S00674,4/23/2025,CUST009,PROD004,1934,52047.55,6.15,US,SEG002
S00985,4/23/2025,CUST001,PROD001,1279,20697.45,4.18,US,SEG003
S00090,4/25/2025,CUST008,PROD002,215,4187.93,5.15,Canada,SEG003
S00096,4/25/2025,CUST012,PROD001,704,10068.57,4.18,US,SEG003
S00145,4/25/2025,CUST004,PROD006,137,4208.23,10.85,US,SEG001
S00641,4/25/2025,CUST012,PROD002,1361,26493.47,5.15,US,SEG001
S01003,4/27/2025,CUST011,PROD001,1949,27451.91,4.18,Canada,SEG003
S00224,4/28/2025,CUST006,PROD004,1414,32176.89,6.15,Canada,SEG001
S00390,4/28/2025,CUST007,PROD006,1910,58495.42,10.85,Canada,SEG003
S01053,4/28/2025,CUST006,PROD003,683,8655.58,4.22,Canada,
S00028,4/29/2025,CUST004,PROD002,1006,16926.62,5.15,US,SEG003
S00203,4/29/2025,CUST008,PROD005,943,20313.31,7.15,Canada,SEG001
S00661,4/29/2025,CUST008,PROD004,1894,43821.74,6.15,Canada,SEG001
S01030,4/29/2025,CUST003,PROD006,1099,33763.01,10.85,US,SEG002
S00137,4/30/2025,CUST011,PROD002,531,9128.69,5.15,Canada,SEG001
S00158,4/30/2025,CUST013,PROD004,1832,45707.64,6.15,Canada,SEG003
S00827,5/1/2025,CUST003,PROD005,1689,37596.88,7.15,US,SEG001
S00029,5/3/2025,CUST005,PROD006,1475,46355.63,10.85,Canada,SEG002
S00038,5/3/2025,CUST004,PROD006,127,3943.92,10.85,US,SEG002
S01021,5/3/2025,CUST006,PROD005,1038,20780.47,7.15,Canada,
S00574,5/4/2025,CUST005,PROD006,1311,37614.78,10.85,Canada,SEG003
S00093,5/5/2025,CUST011,PROD006,1651,47314.84,10.85,Canada,SEG003
S00167,5/5/2025,CUST007,PROD003,618,7329.27,4.22,Canada,SEG001
S00316,5/5/2025,CUST012,PROD004,1934,51609.55,6.15,US,SEG002
S00822,5/5/2025,CUST003,PROD001,237,3274.67,4.18,US,SEG002
S00006,5/6/2025,CUST012,PROD002,714,13156.94,5.15,US,SEG002
S00088,5/7/2025,CUST004,PROD003,995,11763.69,4.22,US,SEG003
S00744,5/7/2025,CUST012,PROD003,887,11159.13,4.22,US,SEG001
S00368,5/8/2025,CUST007,PROD003,297,3283.04,4.22,Canada,SEG003
S00982,5/8/2025,CUST006,PROD006,1486,47233.92,10.85,Canada,SEG003
S00997,5/8/2025,CUST009,PROD005,1424,30805.8,7.15,US,SEG003
S00196,5/10/2025,CUST006,PROD005,1058,21623.81,7.15,Canada,SEG002
S00306,5/11/2025,CUST010,PROD004,992,25913.51,6.15,US,SEG001
S00806,5/11/2025,CUST013,PROD003,500,6153.01,4.22,Canada,SEG002
S00002,5/12/2025,CUST014,PROD003,864,9522.43,4.22,US,SEG002
S00116,5/12/2025,CUST003,PROD006,1884,59647.22,10.85,US,SEG001
S00132,5/13/2025,CUST012,PROD004,955,23442.29,6.15,US,SEG001
S00089,5/14/2025,CUST007,PROD001,601,8685.88,4.18,Canada,SEG001
S00182,5/14/2025,CUST006,PROD006,838,22745.79,10.85,Canada,SEG003
S00222,5/14/2025,CUST015,PROD001,58,894.83,4.18,Canada,
S00928,5/14/2025,CUST006,PROD005,1837,42145.38,7.15,Canada,SEG003
S00691,5/15/2025,CUST011,PROD005,749,17284.28,7.15,Canada,SEG002
S00080,5/16/2025,CUST003,PROD002,736,12152.33,5.15,US,SEG002
S00589,5/16/2025,CUST006,PROD006,1362,41792.91,10.85,Canada,SEG001
S00711,5/18/2025,CUST009,PROD001,672,9485.55,4.18,US,SEG003
S00842,5/18/2025,CUST004,PROD006,941,27652.58,10.85,US,SEG003
S00142,5/19/2025,CUST005,PROD001,823,11289.13,4.18,Canada,SEG001
S00575,5/20/2025,CUST011,PROD005,1516,32041.46,7.15,Canada,SEG002
S00838,5/20/2025,CUST010,PROD004,1437,32536.17,6.15,US,SEG002
S01077,5/22/2025,CUST014,PROD005,1331,28020.95,7.15,US,SEG001
S00303,5/23/2025,CUST015,PROD003,1073,13064.73,4.22,Canada,SEG003
S00906,5/24/2025,CUST010,PROD001,1640,26682.46,4.18,US,SEG003
S00046,5/25/2025,CUST011,PROD001,261,4120.53,4.18,Canada,SEG003
S00104,5/25/2025,CUST013,PROD002,1619,29559.86,5.15,Canada,
S01056,5/25/2025,CUST002,PROD005,1869,37177.96,7.15,US,SEG001
S01061,5/26/2025,CUST008,PROD003,160,1812.69,4.22,Canada,SEG003
S00008,5/28/2025,CUST006,PROD003,35,448.12,4.22,Canada,SEG001
S00337,5/28/2025,CUST012,PROD004,53,1341.26,6.15,US,SEG002
S00490,5/28/2025,CUST005,PROD001,1679,24909.5,4.18,Canada,
S00567,5/28/2025,CUST008,PROD005,78,1696.66,7.5,Canada,SEG001
S00007,5/29/2025,CUST003,PROD003,485,6101.65,4.22,US,SEG002
S00130,5/29/2025,CUST013,PROD002,927,15961.81,5.15,Canada,SEG001
S00492,5/29/2025,CUST001,PROD005,1114,22336.95,7.5,US,SEG001
S00545,5/30/2025,CUST012,PROD004,715,18564.2,6.15,US,SEG001
S00800,5/30/2025,CUST001,PROD003,1924,21946.87,4.22,US,SEG001
S00834,5/30/2025,CUST010,PROD006,643,18555.11,10.85,US,SEG003
S01072,5/30/2025,CUST013,PROD003,1723,22438.42,4.22,Canada,SEG002
S00413,5/31/2025,CUST009,PROD002,1263,21301.95,5.15,US,SEG003
S00785,5/31/2025,CUST008,PROD002,1522,25945.26,5.15,Canada,SEG003
S01086,6/2/2025,CUST002,PROD005,239,5360.96,7.5,US,SEG001
S00050,6/3/2025,CUST006,PROD004,1374,34977.91,6.15,Canada,SEG001
S00084,6/3/2025,CUST008,PROD003,1807,22446.35,4.22,Canada,SEG001
S00923,6/4/2025,CUST006,PROD006,1689,47220.63,10.85,Canada,SEG001
S00786,6/6/2025,CUST009,PROD005,840,18716.76,7.5,US,SEG001
S00586,6/7/2025,CUST010,PROD006,1209,36188.38,10.85,US,SEG003
S00676,6/7/2025,CUST006,PROD004,811,19175.55,6.15,Canada,SEG003
S00858,6/8/2025,CUST002,PROD005,983,23021.74,7.5,US,SEG001
S01004,6/10/2025,CUST012,PROD004,1795,41684.23,6.15,US,SEG003
S00457,6/11/2025,CUST014,PROD006,884,29147.76,10.85,US,SEG001
S00733,6/11/2025,CUST009,PROD002,592,11262.83,5.15,US,SEG003
S00892,6/12/2025,CUST011,PROD001,409,5743.31,4.18,Canada,SEG003
S00646,6/13/2025,CUST014,PROD005,881,20330.71,7.5,US,SEG002
S00968,6/13/2025,CUST011,PROD004,531,12691,6.15,Canada,SEG001
S01035,6/13/2025,CUST008,PROD004,1732,40864.51,6.15,Canada,SEG002
S01044,6/13/2025,CUST009,PROD001,638,8870.05,4.18,US,SEG001
S00482,6/14/2025,CUST005,PROD003,771,9178.64,4.22,Canada,SEG003
S00747,6/15/2025,CUST002,PROD004,559,13610.76,6.15,US,SEG003
S00160,6/16/2025,CUST012,PROD003,1731,20927.46,4.22,US,SEG002
S00914,6/17/2025,CUST013,PROD006,968,27209.31,10.85,Canada,SEG002
S00820,6/18/2025,CUST009,PROD004,712,17137.13,6.15,US,SEG001
S00176,6/20/2025,CUST001,PROD005,943,21917.74,7.5,US,SEG002
S00546,6/20/2025,CUST013,PROD006,1295,39706.02,10.85,Canada,SEG002
S00682,6/20/2025,CUST012,PROD004,1245,29232,6.15,US,SEG003
S01085,6/20/2025,CUST004,PROD006,1161,35484.85,10.85,US,SEG001
S00799,6/22/2025,CUST010,PROD005,236,5353.12,7.5,US,
S00369,6/23/2025,CUST005,PROD001,1142,16205.11,4.18,Canada,SEG001
S00933,6/23/2025,CUST014,PROD003,676,7521.16,4.22,US,SEG001
S01017,6/23/2025,CUST013,PROD003,1340,16453.42,4.22,Canada,SEG002
S00287,6/24/2025,CUST001,PROD003,1571,19391,4.22,US,SEG003
S00624,6/25/2025,CUST004,PROD005,1517,33971.72,7.5,US,SEG002
S00776,6/25/2025,CUST004,PROD002,1841,32694.84,5.15,US,SEG001
S00897,6/26/2025,CUST002,PROD005,1897,41240.44,7.5,US,SEG001
S00881,6/27/2025,CUST003,PROD003,139,1829.97,4.22,US,SEG002
S01094,6/27/2025,CUST012,PROD005,948,19830.66,7.5,US,SEG001
S00952,6/30/2025,CUST012,PROD004,1300,35228.97,6.15,US,SEG002
S00435,7/1/2025,CUST012,PROD001,1406,21326.57,4.18,US,SEG003
S00565,7/1/2025,CUST008,PROD005,570,12149.69,7.5,Canada,SEG003
S00637,7/1/2025,CUST014,PROD001,487,7006.59,4.18,US,SEG002
S01070,7/1/2025,CUST005,PROD005,1433,34268.56,7.5,Canada,SEG003
S00371,7/2/2025,CUST002,PROD004,1602,42660.09,6.15,US,SEG002
S00572,7/2/2025,CUST001,PROD006,239,7688.72,10.85,US,SEG002
S00114,7/3/2025,CUST006,PROD002,1593,28771.55,5.15,Canada,SEG001
S00217,7/4/2025,CUST012,PROD003,1668,21426.89,4.22,US,SEG001
S00450,7/4/2025,CUST006,PROD006,1262,40501.79,10.85,Canada,SEG001
S00407,7/5/2025,CUST008,PROD002,1846,30403.26,5.15,Canada,SEG003
S00903,7/7/2025,CUST010,PROD006,407,11547.75,10.85,US,SEG001
S00769,7/8/2025,CUST005,PROD003,1833,22839.9,4.22,Canada,SEG003
S00924,7/8/2025,CUST013,PROD003,1037,13062.07,4.22,Canada,SEG002
S00762,7/9/2025,CUST014,PROD006,90,2858.77,10.85,US,SEG001
S00860,7/10/2025,CUST015,PROD001,1424,22926.65,4.18,Canada,SEG001
S00908,7/11/2025,CUST010,PROD002,1186,19348.04,5.15,US,SEG003
S01031,7/11/2025,CUST013,PROD004,106,2635.03,6.15,Canada,SEG002
S00189,7/13/2025,CUST003,PROD004,447,10160.81,6.15,US,SEG003
S00384,7/13/2025,CUST010,PROD005,92,2135.81,7.5,US,SEG001
S00339,7/14/2025,CUST015,PROD006,813,25199.7,10.85,Canada,SEG001
S00882,7/15/2025,CUST006,PROD001,1696,23366.54,4.18,Canada,SEG001
S00067,7/17/2025,CUST015,PROD004,704,18419.05,6.15,Canada,SEG001
S00920,7/17/2025,CUST012,PROD003,1775,19792.36,4.22,US,SEG001
S00056,7/18/2025,CUST003,PROD006,22,613.25,10.85,US,SEG001
S00070,7/18/2025,CUST008,PROD002,1716,32107.91,5.15,Canada,SEG003
S00064,7/19/2025,CUST014,PROD006,1665,49200.71,10.85,US,SEG001
S00642,7/19/2025,CUST006,PROD003,1388,15378.04,4.22,Canada,SEG003
S00748,7/19/2025,CUST006,PROD001,1471,21048.2,4.18,Canada,SEG003
S00857,7/21/2025,CUST012,PROD001,1298,20822.85,4.18,US,SEG003
S00447,7/22/2025,CUST014,PROD006,1076,31382.01,10.85,US,SEG002
S01080,7/22/2025,CUST012,PROD005,1993,42240.33,7.5,US,
S00969,7/23/2025,CUST004,PROD006,1876,59730.53,10.85,US,SEG002
S00980,7/23/2025,CUST009,PROD002,1502,27420.57,5.15,US,
S00107,7/25/2025,CUST001,PROD003,1944,25470.53,4.22,US,SEG001
S00312,7/25/2025,CUST012,PROD001,1748,26136.84,4.18,US,SEG001
S00833,7/25/2025,CUST015,PROD002,1340,21815.07,5.15,Canada,SEG003
S00178,7/28/2025,CUST005,PROD006,280,7899.84,10.85,Canada,SEG003
S00133,7/29/2025,CUST004,PROD004,964,22067.75,6.15,US,SEG002
S00393,7/29/2025,CUST010,PROD004,222,5665.7,6.15,US,SEG003
S00177,7/30/2025,CUST014,PROD005,1576,31940.16,7.5,US,SEG002
S00380,7/30/2025,CUST006,PROD003,772,9640.49,4.22,Canada,SEG002
S01023,7/31/2025,CUST011,PROD005,758,17868.4,7.5,Canada,SEG001
S00213,8/1/2025,CUST015,PROD002,313,5461.62,5.15,Canada,SEG001
S00648,8/1/2025,CUST002,PROD003,1018,11238.99,4.22,US,SEG003
S00025,8/2/2025,CUST013,PROD003,192,2213.73,4.22,Canada,SEG003
S00314,8/3/2025,CUST012,PROD002,184,3043.21,5.15,US,SEG001
S00654,8/3/2025,CUST006,PROD001,1644,24852.1,4.18,Canada,
S00662,8/3/2025,CUST002,PROD005,1227,29080.1,7.5,US,
S00862,8/3/2025,CUST001,PROD003,1372,15531.44,4.22,US,SEG001
S00605,8/4/2025,CUST002,PROD005,1196,25653.79,7.5,US,SEG002
S01090,8/5/2025,CUST009,PROD001,414,6129.65,4.18,US,SEG003
S00372,8/6/2025,CUST011,PROD003,840,10587.03,4.22,Canada,
S00755,8/7/2025,CUST003,PROD004,813,19632.4,6.15,US,
S00019,8/9/2025,CUST003,PROD003,1523,18733.29,4.22,US,SEG001
S00830,8/9/2025,CUST009,PROD005,508,11038.6,7.5,US,SEG002
S00109,8/10/2025,CUST006,PROD001,535,8296.11,4.18,Canada,SEG001
S00851,8/10/2025,CUST006,PROD006,913,26380.66,10.85,Canada,
S00456,8/11/2025,CUST006,PROD002,1864,32458,5.15,Canada,SEG001
S00617,8/11/2025,CUST005,PROD004,1727,44547.72,6.15,Canada,SEG001
S00895,8/15/2025,CUST011,PROD006,1571,50993.98,10.85,Canada,SEG003
S00015,8/16/2025,CUST006,PROD001,224,3066.57,4.18,Canada,SEG002
S00426,8/16/2025,CUST005,PROD004,1376,31630.8,6.15,Canada,SEG003
S00289,8/17/2025,CUST002,PROD005,395,8674.33,7.5,US,SEG003
S00425,8/17/2025,CUST011,PROD006,233,7529.33,10.85,Canada,SEG003
S00463,8/17/2025,CUST007,PROD002,1530,28758.1,5.15,Canada,SEG001
S00936,8/17/2025,CUST013,PROD002,1523,29161.49,5.15,Canada,
S00720,8/18/2025,CUST010,PROD003,468,5804.5,4.22,US,SEG002
S00433,8/19/2025,CUST013,PROD003,1801,22468.49,4.22,Canada,SEG003
S00504,8/19/2025,CUST002,PROD002,1896,36399.72,5.15,US,SEG002
S00591,8/19/2025,CUST013,PROD001,711,10267.38,4.18,Canada,SEG002
S00802,8/19/2025,CUST009,PROD001,1386,20246.99,4.18,US,SEG002
S00406,8/20/2025,CUST003,PROD003,1285,15490.36,4.22,US,
S00947,8/20/2025,CUST003,PROD006,689,20124.8,10.85,US,SEG002
S00098,8/22/2025,CUST005,PROD005,446,9041.55,7.5,Canada,SEG001
S00403,8/22/2025,CUST001,PROD002,1762,28666.06,5.15,US,SEG003
S00715,8/22/2025,CUST013,PROD005,338,8077.57,7.5,Canada,SEG003
S00815,8/22/2025,CUST014,PROD005,346,8308.95,7.5,US,SEG001
S00513,8/23/2025,CUST005,PROD005,703,15382.86,7.5,Canada,SEG002
S00523,8/23/2025,CUST013,PROD004,592,15543.13,6.15,Canada,SEG003
S00215,8/24/2025,CUST002,PROD002,1544,27839.11,5.15,US,SEG002
S00274,8/26/2025,CUST005,PROD006,1333,42187.06,10.85,Canada,SEG002
S00757,8/27/2025,CUST008,PROD001,1674,27310.4,4.18,Canada,SEG001
S00850,8/27/2025,CUST003,PROD004,1878,49992.62,6.15,US,SEG002
S00644,8/28/2025,CUST015,PROD006,827,25620.28,10.85,Canada,SEG003
S00694,8/29/2025,CUST006,PROD001,1815,25132.51,4.18,Canada,SEG002
S00742,8/29/2025,CUST002,PROD001,1850,28154.01,4.18,US,SEG002
S00804,8/29/2025,CUST006,PROD004,557,14680.33,6.15,Canada,SEG003
S00919,8/29/2025,CUST007,PROD004,1812,43567.92,6.15,Canada,SEG003
S00935,8/30/2025,CUST013,PROD006,693,22413.84,10.85,Canada,SEG002
S00578,9/2/2025,CUST011,PROD002,810,13872.15,5.15,Canada,SEG003
S00667,9/2/2025,CUST015,PROD001,519,8402.59,4.18,Canada,SEG001
S00884,9/2/2025,CUST012,PROD006,114,3309.11,10.85,US,SEG001
S01076,9/3/2025,CUST014,PROD002,1104,20646.95,5.15,US,SEG001
S00212,9/4/2025,CUST003,PROD006,116,3739.62,10.85,US,SEG001
S00681,9/4/2025,CUST012,PROD005,451,10563.04,7.5,US,SEG001
S00813,9/4/2025,CUST009,PROD001,68,1051.86,4.18,US,SEG002
S00626,9/5/2025,CUST014,PROD003,281,3369.37,4.22,US,SEG003
S00204,9/6/2025,CUST015,PROD005,1072,22449.12,7.5,Canada,SEG001
S00333,9/6/2025,CUST003,PROD003,1292,15975.39,4.22,US,SEG003
S00655,9/6/2025,CUST008,PROD005,598,13047.18,7.5,Canada,SEG001
S00346,9/7/2025,CUST011,PROD006,981,31627.31,10.85,Canada,SEG002
S00437,9/8/2025,CUST015,PROD001,1241,20253.71,4.18,Canada,SEG001
S00049,9/9/2025,CUST008,PROD001,1824,29669.65,4.18,Canada,SEG003
S00855,9/9/2025,CUST014,PROD001,1073,17379.13,4.18,US,SEG003
S01059,9/9/2025,CUST008,PROD003,278,3189.99,4.22,Canada,SEG003
S00240,9/10/2025,CUST011,PROD003,1278,15185.78,4.22,Canada,SEG003
S00689,9/10/2025,CUST013,PROD001,1017,15008.99,4.18,Canada,SEG001
S00772,9/10/2025,CUST010,PROD005,1979,39846.76,7.5,US,
S00950,9/10/2025,CUST007,PROD001,99,1362.64,4.18,Canada,SEG002
S00616,9/11/2025,CUST007,PROD002,1290,23174.08,5.15,Canada,SEG002
S00081,9/12/2025,CUST002,PROD004,36,925.96,6.15,US,SEG002
S00594,9/12/2025,CUST007,PROD006,1749,57496.82,10.85,Canada,SEG001
S00188,9/13/2025,CUST012,PROD003,1165,14710.26,4.22,US,SEG003
S00402,9/13/2025,CUST008,PROD002,695,12678.5,5.15,Canada,SEG003
S00424,9/14/2025,CUST008,PROD005,230,4825.84,7.5,Canada,SEG001
S00556,9/16/2025,CUST013,PROD003,1262,15653.31,4.22,Canada,SEG001
S00666,9/16/2025,CUST010,PROD004,1830,43467.39,6.15,US,
S00278,9/17/2025,CUST013,PROD006,1723,54423.08,10.85,Canada,SEG001
S00047,9/18/2025,CUST014,PROD005,1183,24227.44,7.5,US,SEG001
S00265,9/18/2025,CUST010,PROD001,924,12550.17,4.18,US,SEG001
S00296,9/18/2025,CUST002,PROD004,1208,28226.12,6.15,US,SEG001
S00355,9/18/2025,CUST009,PROD002,1503,26332.87,5.15,US,SEG001
S00627,9/18/2025,CUST012,PROD006,1426,40861.8,10.85,US,SEG003
S00734,9/18/2025,CUST012,PROD002,1775,28846.26,5.15,US,
S00698,9/19/2025,CUST006,PROD003,1513,19745.46,4.22,Canada,SEG001
S00164,9/20/2025,CUST005,PROD001,1921,31367.51,4.18,Canada,SEG001
S00192,9/20/2025,CUST014,PROD003,777,10181.07,4.22,US,
S00241,9/21/2025,CUST005,PROD005,741,16841.24,7.5,Canada,SEG001
S00540,9/21/2025,CUST002,PROD006,1426,46470.11,10.85,US,SEG003
S00319,9/22/2025,CUST015,PROD003,64,792.5,4.22,Canada,SEG001
S00440,9/22/2025,CUST004,PROD005,907,18100.07,7.5,US,SEG002
S00699,9/23/2025,CUST013,PROD002,177,3090.29,5.15,Canada,SEG001
S00902,9/23/2025,CUST011,PROD002,1754,28427.29,5.15,Canada,SEG001
S00570,9/24/2025,CUST012,PROD004,522,12546.93,6.15,US,SEG002
S00076,9/27/2025,CUST008,PROD004,1370,35816.01,6.15,Canada,SEG001
S00318,9/28/2025,CUST015,PROD001,473,7311.61,4.18,Canada,SEG003
S00441,9/28/2025,CUST013,PROD003,1484,16703.51,4.22,Canada,SEG001
S00538,9/28/2025,CUST015,PROD003,597,7076.38,4.22,Canada,SEG001
S00235,9/29/2025,CUST008,PROD006,1304,37303.49,10.85,Canada,
S00745,9/29/2025,CUST002,PROD004,1322,30388.27,6.15,US,SEG001
S00958,9/29/2025,CUST013,PROD005,992,19974.46,7.5,Canada,SEG002
S01049,9/29/2025,CUST012,PROD003,1695,21221,4.22,US,SEG003
S00357,9/30/2025,CUST008,PROD006,1465,41259.58,10.85,Canada,SEG001
S00078,10/3/2025,CUST006,PROD006,1400,45390.67,10.85,Canada,SEG002
S00503,10/3/2025,CUST011,PROD004,71,1608.38,6.15,Canada,
S00216,10/5/2025,CUST004,PROD006,611,19300.02,10.85,US,
S00818,10/5/2025,CUST009,PROD001,964,14698.54,4.85,US,SEG001
S00548,10/7/2025,CUST013,PROD002,832,13919.45,5.15,Canada,SEG003
S00039,10/8/2025,CUST009,PROD006,846,26361.25,10.85,US,SEG002
S00374,10/8/2025,CUST015,PROD003,948,11840.93,4.22,Canada,SEG001
S00495,10/8/2025,CUST014,PROD005,813,19445.38,7.5,US,
S00621,10/8/2025,CUST004,PROD006,1832,53765.59,10.85,US,SEG001
S00638,10/8/2025,CUST007,PROD004,76,1797.06,6.15,Canada,SEG003
S00887,10/8/2025,CUST006,PROD004,1899,45322.99,6.15,Canada,SEG001
S00411,10/9/2025,CUST013,PROD001,1999,28029.99,4.85,Canada,SEG003
S00221,10/10/2025,CUST004,PROD004,80,2018.43,6.15,US,SEG003
S00825,10/10/2025,CUST006,PROD003,1747,22754.86,4.22,Canada,SEG002
S00037,10/11/2025,CUST001,PROD003,1826,21198.76,4.22,US,SEG003
S00404,10/11/2025,CUST009,PROD005,1821,41600.28,7.5,US,SEG002
S01024,10/12/2025,CUST011,PROD002,1680,30391.42,5.15,Canada,SEG002
S01078,10/12/2025,CUST005,PROD006,1459,46152.84,10.85,Canada,SEG002
S00476,10/14/2025,CUST008,PROD006,480,14851.14,10.85,Canada,SEG002
S00684,10/14/2025,CUST004,PROD001,1819,25492.99,4.85,US,SEG003
S01054,10/15/2025,CUST009,PROD006,300,8165.67,10.85,US,SEG002
S00033,10/16/2025,CUST007,PROD005,956,20357.43,7.5,Canada,SEG001
S00059,10/16/2025,CUST004,PROD004,259,7059.96,6.15,US,SEG002
S00383,10/16/2025,CUST015,PROD006,361,11067.35,10.85,Canada,
S00651,10/16/2025,CUST004,PROD005,627,14671.44,7.5,US,SEG003
S00345,10/17/2025,CUST013,PROD002,1792,35181.42,5.15,Canada,SEG001
S00310,10/20/2025,CUST013,PROD004,979,25767.94,6.15,Canada,
S00427,10/20/2025,CUST005,PROD005,29,605.06,7.5,Canada,
S00446,10/20/2025,CUST011,PROD004,448,12063.28,6.15,Canada,
S00485,10/21/2025,CUST006,PROD002,813,14333.97,5.15,Canada,SEG001
S00775,10/22/2025,CUST001,PROD003,1101,12991.63,4.22,US,
S00099,10/23/2025,CUST012,PROD002,1500,29615.19,5.15,US,SEG003
S00526,10/23/2025,CUST005,PROD002,1450,27037.98,5.15,Canada,SEG003
S00147,10/24/2025,CUST010,PROD003,1629,18624.34,4.22,US,SEG003
S00223,10/24/2025,CUST006,PROD005,560,11591.56,7.5,Canada,SEG002
S00305,10/26/2025,CUST014,PROD001,1960,29016.42,4.85,US,SEG001
S00448,10/26/2025,CUST007,PROD004,1655,42054.09,6.15,Canada,SEG001
S00573,10/28/2025,CUST013,PROD003,494,5774.08,4.22,Canada,
S00685,10/28/2025,CUST006,PROD005,449,9247.67,7.5,Canada,SEG001
S00904,10/28/2025,CUST001,PROD005,508,10934.04,7.5,US,SEG003
S00844,10/29/2025,CUST002,PROD006,117,3599.53,10.85,US,SEG001
S00302,10/30/2025,CUST011,PROD006,1116,33849.02,10.85,Canada,SEG001
S00828,10/30/2025,CUST011,PROD003,1362,16831.88,4.22,Canada,SEG001
S00366,10/31/2025,CUST013,PROD001,1380,22696.86,4.85,Canada,SEG003
S00537,10/31/2025,CUST005,PROD001,1692,25401.33,4.85,Canada,SEG002
S00746,10/31/2025,CUST011,PROD006,1780,51531.32,10.85,Canada,SEG003
S00554,11/1/2025,CUST010,PROD002,1734,30745.36,5.15,US,SEG001
S00664,11/2/2025,CUST011,PROD003,649,8372.79,4.22,Canada,SEG001
S00970,11/4/2025,CUST009,PROD004,990,22876.15,6.15,US,SEG001
S00121,11/5/2025,CUST003,PROD004,1254,29497.51,6.15,US,SEG003
S00385,11/5/2025,CUST014,PROD002,1396,25035.51,5.15,US,SEG003
S00585,11/5/2025,CUST002,PROD002,716,12778.36,5.15,US,SEG003
S00027,11/6/2025,CUST014,PROD002,406,7657.63,5.15,US,
S00234,11/6/2025,CUST015,PROD003,1451,18370.75,4.22,Canada,SEG003
S00421,11/8/2025,CUST007,PROD006,1239,33961.1,10.85,Canada,SEG002
S00020,11/9/2025,CUST010,PROD005,1050,23802.5,7.5,US,SEG002
S00332,11/10/2025,CUST009,PROD006,1163,34597.12,10.85,US,SEG002
S00502,11/10/2025,CUST002,PROD006,916,26407.87,10.85,US,SEG003
S01012,11/10/2025,CUST001,PROD003,1755,20697.99,4.22,US,SEG001
S00115,11/11/2025,CUST012,PROD002,398,7136.72,5.15,US,SEG003
S00074,11/14/2025,CUST001,PROD004,304,7975.69,6.15,US,SEG002
S00370,11/14/2025,CUST015,PROD003,61,777.85,4.22,Canada,SEG001
S00101,11/15/2025,CUST008,PROD002,53,986.69,5.15,Canada,SEG003
S00995,11/15/2025,CUST006,PROD006,742,22501.46,10.85,Canada,SEG003
S00665,11/16/2025,CUST006,PROD005,832,19172.7,7.5,Canada,SEG001
S00159,11/17/2025,CUST002,PROD005,348,7166.69,7.5,US,SEG001
S00954,11/17/2025,CUST002,PROD001,886,12326,4.85,US,SEG001
S00157,11/18/2025,CUST003,PROD005,522,11923.88,7.5,US,
S00352,11/18/2025,CUST011,PROD002,431,7806.49,5.15,Canada,SEG001
S00873,11/18/2025,CUST005,PROD005,21,481.59,7.5,Canada,SEG001
S00267,11/20/2025,CUST010,PROD001,987,15272.9,4.85,US,SEG003
S00614,11/20/2025,CUST004,PROD005,706,16040.5,7.5,US,SEG003
S00888,11/21/2025,CUST015,PROD002,1225,20711.71,5.15,Canada,SEG001
S00036,11/22/2025,CUST013,PROD004,565,14190.88,6.15,Canada,SEG001
S00697,11/22/2025,CUST015,PROD002,1494,24951.92,5.15,Canada,
S00072,11/23/2025,CUST007,PROD001,98,1492.95,4.85,Canada,SEG002
S00048,11/24/2025,CUST002,PROD006,1840,52296.97,10.85,US,SEG003
S00382,11/24/2025,CUST013,PROD003,914,11654.18,4.22,Canada,
S00051,11/25/2025,CUST007,PROD002,154,2587.3,5.15,Canada,SEG001
S00085,11/25/2025,CUST001,PROD003,1858,21959.56,4.22,US,SEG003
S00271,11/25/2025,CUST003,PROD001,785,12028.22,4.85,US,SEG002
S00671,11/27/2025,CUST002,PROD002,1537,27261.47,5.15,US,SEG003
S00472,11/28/2025,CUST006,PROD005,1780,38720.17,7.5,Canada,SEG002
S00848,11/28/2025,CUST004,PROD003,1374,17950.56,4.22,US,SEG003
S00208,11/30/2025,CUST004,PROD003,877,11370.54,4.22,US,SEG003
S00381,11/30/2025,CUST008,PROD005,157,3148.97,7.5,Canada,
S00288,12/1/2025,CUST005,PROD004,426,10098.54,6.15,Canada,SEG002
S00509,12/1/2025,CUST008,PROD005,1053,24837.4,7.5,Canada,SEG001
S00944,12/2/2025,CUST002,PROD002,1900,32891.4,5.15,US,SEG001
S00964,12/2/2025,CUST011,PROD001,815,13193.35,4.85,Canada,SEG001
S00967,12/3/2025,CUST009,PROD005,1370,27387.11,7.5,US,SEG001
S00194,12/4/2025,CUST006,PROD002,630,11535.37,5.15,Canada,SEG001
S00876,12/4/2025,CUST015,PROD006,1044,29093.98,10.85,Canada,SEG001
S00113,12/6/2025,CUST013,PROD002,1387,25884,5.15,Canada,SEG001
S00580,12/6/2025,CUST007,PROD004,1634,37215.25,6.15,Canada,SEG003
S00823,12/6/2025,CUST001,PROD002,1172,20687.69,5.15,US,SEG001
S00397,12/7/2025,CUST013,PROD006,1113,32154.91,10.85,Canada,SEG001
S00494,12/7/2025,CUST012,PROD004,849,19461.94,6.15,US,SEG003
S00849,12/8/2025,CUST009,PROD003,458,5887.89,4.22,US,SEG001
S00202,12/9/2025,CUST015,PROD003,1222,13627.6,4.22,Canada,SEG003
S00436,12/9/2025,CUST001,PROD002,1880,31755.26,5.15,US,SEG001
S00808,12/9/2025,CUST008,PROD002,1028,17169.44,5.15,Canada,SEG003
S01041,12/10/2025,CUST013,PROD004,902,20948.44,6.15,Canada,SEG003
S00893,12/11/2025,CUST012,PROD001,912,13810.86,4.85,US,SEG001
S00912,12/11/2025,CUST002,PROD002,1710,30981.78,5.15,US,SEG001
S00055,12/13/2025,CUST010,PROD003,1253,16192.53,4.22,US,SEG001
S00148,12/14/2025,CUST008,PROD002,282,4980.83,5.15,Canada,SEG001
S00395,12/15/2025,CUST011,PROD003,1429,16417.6,4.22,Canada,SEG002
S00999,12/15/2025,CUST002,PROD004,1723,42304.99,6.15,US,SEG003
S00725,12/16/2025,CUST008,PROD006,737,22131.06,10.85,Canada,SEG002
S00079,12/17/2025,CUST014,PROD005,1745,36707.25,7.5,US,SEG001
S00544,12/17/2025,CUST010,PROD005,705,16041.75,7.5,US,
S00161,12/18/2025,CUST002,PROD001,1072,15316.87,4.85,US,SEG001
S00788,12/19/2025,CUST011,PROD001,1366,20478.5,4.85,Canada,SEG002
S00921,12/19/2025,CUST014,PROD001,1128,17533.38,4.85,US,
S00972,12/20/2025,CUST011,PROD005,855,19314.47,7.5,Canada,SEG002
S00973,12/20/2025,CUST010,PROD006,519,16600.57,10.85,US,SEG003
S00428,12/21/2025,CUST014,PROD005,1392,28647.09,7.5,US,SEG003
S00200,12/22/2025,CUST013,PROD006,76,2190.42,10.85,Canada,SEG001
S00692,12/22/2025,CUST015,PROD005,93,1984.17,7.5,Canada,SEG002
S00726,12/23/2025,CUST009,PROD003,1282,15913.54,4.22,US,SEG003
S00978,12/23/2025,CUST010,PROD006,1712,55014.47,10.85,US,SEG002
S00765,12/24/2025,CUST014,PROD003,42,459.17,4.22,US,SEG003
S01002,12/24/2025,CUST012,PROD003,420,4871.46,4.22,US,SEG001
S00012,12/25/2025,CUST008,PROD001,555,9069.63,4.85,Canada,SEG001
S00171,12/25/2025,CUST005,PROD005,1721,38398.44,7.5,Canada,SEG001
S00784,12/25/2025,CUST015,PROD003,187,2115.94,4.22,Canada,SEG001
S00927,12/25/2025,CUST013,PROD004,758,18027.53,6.15,Canada,SEG002
S00686,12/27/2025,CUST009,PROD006,1669,50931.54,10.85,US,SEG003
S01029,12/30/2025,CUST008,PROD006,1000,27894.01,10.85,Canada,SEG001
S00566,12/31/2025,CUST012,PROD006,1805,54664.78,10.85,US,SEG001
S00609,12/31/2025,CUST011,PROD002,1833,30561.92,5.15,Canada,SEG001
